time/total_timesteps,eval/mean_reward,eval/mean_ep_length,time/iterations,rollout/ep_rew_mean,rollout/ep_len_mean,time/fps,time/time_elapsed,train/policy_gradient_loss,train/n_updates,train/clip_range,train/clip_fraction,train/learning_rate,train/loss,train/value_loss,train/approx_kl,train/explained_variance,train/entropy_loss
1000,0.0,1000.0,,,,,,,,,,,,,,,
2000,0.0,1000.0,,,,,,,,,,,,,,,
2048,,,1,0.7,1000.0,26,77,,,,,,,,,,
3000,0.0,1000.0,,,,,,-0.02307654395408463,10,0.2,0.12451171875,0.0003,-0.04483594000339508,0.0089636817065184,0.0145066045,0.8636085242033005,-6.5414015963673595
4000,0.0,1000.0,,,,,,,,,,,,,,,
4096,,,2,0.6749999999999999,1000.0,25,160,,,,,,,,,,
5000,0.0,1000.0,,,,,,-0.02216112480382435,20,0.2,0.15830078125,0.0003,-0.03307388722896576,0.004148652283038246,0.014497065,0.645583838224411,-6.526531203091144
6000,0.0,1000.0,,,,,,,,,,,,,,,
6144,,,3,0.7166666666666667,1000.0,25,243,,,,,,,,,,
7000,0.0,1000.0,,,,,,-0.025240784307243302,30,0.2,0.161474609375,0.0003,-0.03267703950405121,0.0037657944867532933,0.015417937,0.7297557592391968,-6.515613152086734
8000,0.0,1000.0,,,,,,,,,,,,,,,
8192,,,4,0.7375,967.5,25,325,,,,,,,,,,
9000,0.0,1000.0,,,,,,-0.03495280151546467,40,0.2,0.19033203125,0.0003,-0.02665785886347294,0.0056858555977669315,0.017995372,0.8515557646751404,-6.502641254663468
10000,0.0,1000.0,,,,,,,,,,,,,,,
10240,,,5,0.7500000000000001,1000.0,25,407,,,,,,,,,,
11000,0.0,1000.0,,,,,,-0.028249765650252813,50,0.2,0.183154296875,0.0003,-0.033157337456941605,0.003552781747202971,0.016680604,0.6714924275875092,-6.488042417168617
12000,0.0,1000.0,,,,,,,,,,,,,,,
12288,,,6,0.7583333333333334,997.8333333333334,25,488,,,,,,,,,,
13000,0.0,1000.0,,,,,,-0.02677429118193686,60,0.2,0.181103515625,0.0003,-0.014764973893761635,0.002106347745302628,0.016688928,0.8582582473754883,-6.465032607316971
14000,0.0,1000.0,,,,,,,,,,,,,,,
14336,,,7,0.8,1000.0,25,569,,,,,,,,,,
15000,0.0,1000.0,,,,,,-0.028593445775914005,70,0.2,0.180908203125,0.0003,-0.04077679291367531,0.003661117989940976,0.016850453,0.7287528216838837,-6.441609466075898
16000,0.0,1000.0,,,,,,,,,,,,,,,
16384,,,8,0.7937500000000001,1000.0,25,650,,,,,,,,,,
17000,0.0,1000.0,,,,,,-0.03487465856014751,80,0.2,0.21005859375,0.0003,-0.011562919244170189,0.0021542722675803815,0.020180551,0.8684001713991165,-6.441681203246117
18000,0.0,1000.0,,,,,,,,,,,,,,,
18432,,,9,0.788888888888889,982.5,25,731,,,,,,,,,,
19000,0.0,1000.0,,,,,,-0.031127849701442757,90,0.2,0.1826171875,0.0003,-0.03189132362604141,0.002211286848250893,0.01743522,0.9016679674386978,-6.427090281248093
20000,0.0,1000.0,,,,,,,,,,,,,,,
20480,,,10,0.8099999999999999,983.65,25,812,,,,,,,,,,
21000,0.0,1000.0,,,,,,-0.03145474210032262,100,0.2,0.2015625,0.0003,-0.06519269198179245,0.0016828932790303951,0.019837495,0.6431576311588287,-6.425191795825958
22000,0.0,1000.0,,,,,,,,,,,,,,,
22528,,,11,0.8272727272727273,991.3181818181819,25,894,,,,,,,,,,
23000,0.0,1000.0,,,,,,-0.023243398623890243,110,0.2,0.17607421875,0.0003,-0.023925894871354103,0.002319868503127509,0.01884795,0.9200903624296188,-6.362220408022404
24000,0.0,1000.0,,,,,,,,,,,,,,,
24576,,,12,0.8166666666666668,1000.0,25,975,,,,,,,,,,
25000,0.0,1000.0,,,,,,-0.022920659967348912,120,0.2,0.1470703125,0.0003,-0.01772620901465416,0.0018119928747182712,0.013657356,0.6450580656528473,-6.39276551604271
26000,0.0,1000.0,,,,,,,,,,,,,,,
26624,,,13,0.8076923076923078,1000.0,25,1056,,,,,,,,,,
27000,0.0,1000.0,,,,,,-0.02714878681290429,130,0.2,0.21083984375,0.0003,-0.045458730310201645,0.0012125231338359298,0.019999627,0.889794684946537,-6.3893133968114855
28000,0.0,1000.0,,,,,,,,,,,,,,,
28672,,,14,0.8035714285714287,1000.0,25,1137,,,,,,,,,,
29000,0.0,1000.0,,,,,,-0.02777690390503267,140,0.2,0.18330078125,0.0003,-0.05140984058380127,0.0007172152605562587,0.014960035,0.8022085577249527,-6.371326039731502
30000,0.0,1000.0,,,,,,,,,,,,,,,
30720,,,15,0.7900000000000001,1000.0,25,1218,,,,,,,,,,
31000,0.0,1000.0,,,,,,-0.02696011734951753,150,0.2,0.175244140625,0.0003,-0.0836835503578186,0.0005246215187753478,0.016240487,0.8898627758026123,-6.371548593044281
32000,0.0,1000.0,,,,,,,,,,,,,,,
32768,,,16,0.78125,1000.0,25,1300,,,,,,,,,,
33000,0.0,1000.0,,,,,,-0.026229434271226638,160,0.2,0.191064453125,0.0003,-0.02588273584842682,0.0010150180995879055,0.016393375,0.8478228002786636,-6.316291625797748
34000,0.0,1000.0,,,,,,,,,,,,,,,
34816,,,17,0.7764705882352941,1000.0,25,1381,,,,,,,,,,
35000,0.0,1000.0,,,,,,-0.023851616424508393,170,0.2,0.1375,0.0003,-0.020893260836601257,0.0005854212254462254,0.013529874,0.860161080956459,-6.354546818137169
36000,0.0,1000.0,,,,,,,,,,,,,,,
36864,,,18,0.775,1000.0,25,1462,,,,,,,,,,
37000,0.0,1000.0,,,,,,-0.026324750771163963,180,0.2,0.14794921875,0.0003,-0.023927539587020874,0.0016707611477613682,0.013590911,0.8036194443702698,-6.341979660093784
38000,0.0,1000.0,,,,,,,,,,,,,,,
38912,,,19,0.7657894736842106,1000.0,25,1544,,,,,,,,,,
39000,0.0,1000.0,,,,,,-0.02649557462282246,190,0.2,0.18056640625,0.0003,-0.010639860294759274,0.0019402177701522306,0.01719841,0.7501143664121628,-6.3181203082203865
40000,0.0,1000.0,,,,,,,,,,,,,,,
40960,,,20,0.76,1000.0,25,1625,,,,,,,,,,
41000,0.0,1000.0,,,,,,-0.02312709705438465,200,0.2,0.185107421875,0.0003,-0.03447461128234863,0.0012978672315512086,0.01589159,0.8055116832256317,-6.282339833676815
42000,0.0,1000.0,,,,,,,,,,,,,,,
43000,0.0,1000.0,,,,,,,,,,,,,,,
43008,,,21,0.7534883720930232,1000.0,24,1733,,,,,,,,,,
44000,0.0,1000.0,,,,,,-0.027725860165082848,210,0.2,0.195068359375,0.0003,-0.06183047592639923,0.0019363259344572724,0.018671976,0.7510133981704712,-6.320698317885399
45000,0.0,1000.0,,,,,,,,,,,,,,,
45056,,,22,0.7444444444444445,1000.0,24,1814,,,,,,,,,,
46000,0.10000000149011612,1000.0,,,,,,-0.023646431823726742,220,0.2,0.20556640625,0.0003,-0.042924050241708755,0.00035410531220350097,0.018098446,0.8919997811317444,-6.310375821590424
47000,0.10000000149011612,1000.0,,,,,,,,,,,,,,,
47104,,,23,0.7425531914893618,1000.0,24,1896,,,,,,,,,,
48000,0.10000000149011612,1000.0,,,,,,-0.030263545209891163,230,0.2,0.190234375,0.0003,-0.036050960421562195,0.0008437895621682401,0.015638176,0.8990522250533104,-6.245135608315468
49000,0.10000000149011612,1000.0,,,,,,,,,,,,,,,
49152,,,24,0.7448979591836735,1000.0,24,1977,,,,,,,,,,
50000,0.10000000149011612,1000.0,,,,,,-0.027849398116813973,240,0.2,0.173583984375,0.0003,-0.031385909765958786,0.0006947747904405332,0.016739171,0.8898708745837212,-6.266935290396214
51000,0.10000000149011612,1000.0,,,,,,,,,,,,,,,
51200,,,25,0.7490196078431371,988.0196078431372,24,2059,,,,,,,,,,
52000,0.10000000149011612,1000.0,,,,,,-0.03460996094800066,250,0.2,0.229638671875,0.0003,-0.05239017680287361,0.0014181369227117102,0.018519249,0.7995733469724655,-6.213536851108074
53000,0.10000000149011612,1000.0,,,,,,,,,,,,,,,
53248,,,26,0.7566037735849057,1000.0,24,2141,,,,,,,,,,
54000,0.10000000149011612,1000.0,,,,,,-0.02476201950630639,260,0.2,0.159033203125,0.0003,-0.024760117754340172,0.0003289732600251227,0.014880909,0.9083054736256599,-6.113539417088032
55000,0.10000000149011612,1000.0,,,,,,,,,,,,,,,
55296,,,27,0.7545454545454545,1000.0,24,2224,,,,,,,,,,
56000,0.10000000149011612,1000.0,,,,,,-0.02588729766139295,270,0.2,0.229052734375,0.0003,-0.053296759724617004,0.0009073183998680179,0.019984009,0.6752596497535706,-6.246135123074055
57000,0.10000000149011612,1000.0,,,,,,,,,,,,,,,
57344,,,28,0.7491228070175437,1000.0,24,2306,,,,,,,,,,
58000,0.10000000149011612,1000.0,,,,,,-0.030535567583865487,280,0.2,0.206591796875,0.0003,-0.018147071823477745,0.0002710326781766526,0.024747685,0.9105823338031769,-6.145274172723293
59000,0.10000000149011612,1000.0,,,,,,,,,,,,,,,
59392,,,29,0.7508474576271186,997.9830508474577,24,2387,,,,,,,,,,
60000,0.10000000149011612,1000.0,,,,,,-0.02576460539130494,290,0.2,0.208544921875,0.0003,-0.024502893909811974,0.0009921737937474973,0.018782351,0.8827987611293793,-6.1858302161097525
61000,0.10000000149011612,1000.0,,,,,,,,,,,,,,,
61440,,,30,0.7491803278688524,1000.0,24,2469,,,,,,,,,,
62000,0.10000000149011612,1000.0,,,,,,-0.01932622570602689,300,0.2,0.1966796875,0.0003,-0.03389536216855049,0.0025373670643148217,0.015351433,0.7680657207965851,-6.213928949832916
63000,0.10000000149011612,1000.0,,,,,,,,,,,,,,,
63488,,,31,0.7476190476190475,1000.0,24,2550,,,,,,,,,,
64000,0.10000000149011612,1000.0,,,,,,-0.02272896938957274,310,0.2,0.1810546875,0.0003,-0.04433543607592583,0.0017197838967149437,0.016066393,0.6741041243076324,-6.262147533893585
65000,0.10000000149011612,1000.0,,,,,,,,,,,,,,,
65536,,,32,0.7446153846153846,1000.0,24,2632,,,,,,,,,,
66000,0.10000000149011612,1000.0,,,,,,-0.025376183568732814,320,0.2,0.152783203125,0.0003,-0.04160382226109505,0.0003207875571661134,0.014108503,0.9133224636316299,-6.098601403832435
67000,0.10000000149011612,1000.0,,,,,,,,,,,,,,,
67584,,,33,0.7432835820895523,1000.0,24,2713,,,,,,,,,,
68000,0.10000000149011612,1000.0,,,,,,-0.025549270247574897,330,0.2,0.205224609375,0.0003,-0.06487666070461273,0.0004267954911142624,0.01584064,0.6725315749645233,-6.18444803506136
69000,0.10000000149011612,1000.0,,,,,,,,,,,,,,,
69632,,,34,0.7420289855072465,1000.0,24,2794,,,,,,,,,,
70000,0.10000000149011612,1000.0,,,,,,-0.020895393931277796,340,0.2,0.203271484375,0.0003,-0.015397953800857067,0.00035552878023281664,0.017463712,0.8932938799262047,-6.118162052333355
71000,0.10000000149011612,1000.0,,,,,,,,,,,,,,,
71680,,,35,0.7408450704225354,1000.0,24,2876,,,,,,,,,,
72000,0.10000000149011612,1000.0,,,,,,-0.02737387665838469,350,0.2,0.185107421875,0.0003,-0.06989619880914688,0.000261338920313392,0.016378399,0.8716722875833511,-6.184190626442432
73000,0.10000000149011612,1000.0,,,,,,,,,,,,,,,
73728,,,36,0.7383561643835618,1000.0,24,2957,,,,,,,,,,
74000,0.10000000149011612,1000.0,,,,,,-0.018690589588368313,360,0.2,0.173193359375,0.0003,-0.018709057942032814,0.00018018618013684317,0.015321538,0.9403476044535637,-6.101918768882752
75000,0.10000000149011612,1000.0,,,,,,,,,,,,,,,
75776,,,37,0.7386666666666667,1000.0,24,3039,,,,,,,,,,
76000,0.30000000447034836,1000.0,,,,,,-0.026470064229215495,370,0.2,0.22333984375,0.0003,-0.031150052323937416,0.00039491359175372056,0.018738626,0.9135101139545441,-6.12248116582632
77000,0.30000000447034836,1000.0,,,,,,,,,,,,,,,
77824,,,38,0.7376623376623377,1000.0,24,3120,,,,,,,,,,
78000,0.10000000149011612,1000.0,,,,,,-0.024598829925525933,380,0.2,0.231298828125,0.0003,-0.041560668498277664,0.00047354636062664214,0.01933585,0.7863610833883286,-6.078531882166862
79000,0.10000000149011612,1000.0,,,,,,,,,,,,,,,
79872,,,39,0.7392405063291139,1000.0,24,3201,,,,,,,,,,
80000,0.30000000447034836,1000.0,,,,,,-0.02495584591233637,390,0.2,0.19287109375,0.0003,-0.010227886028587818,0.0006687267504730699,0.016968276,0.7498115003108978,-6.078746896982193
81000,0.30000000447034836,1000.0,,,,,,,,,,,,,,,
81920,,,40,0.7382716049382717,1000.0,24,3283,,,,,,,,,,
82000,0.30000000447034836,1000.0,,,,,,-0.025765865499852224,400,0.2,0.1671875,0.0003,-0.03115127794444561,0.0006367168694850989,0.016242297,0.8090676516294479,-6.05460058748722
83000,0.30000000447034836,1000.0,,,,,,,,,,,,,,,
83968,,,41,0.7397590361445783,1000.0,24,3364,,,,,,,,,,
84000,0.30000000447034836,1000.0,,,,,,-0.025187950185500085,410,0.2,0.195556640625,0.0003,-0.03301916643977165,0.0005024245551567219,0.016230432,0.8051198720932007,-5.992913307249546
85000,0.30000000447034836,1000.0,,,,,,,,,,,,,,,
86000,0.30000000447034836,1000.0,,,,,,,,,,,,,,,
86016,,,42,0.7395348837209302,1000.0,24,3473,,,,,,,,,,
87000,0.30000000447034836,1000.0,,,,,,-0.022075610168394634,420,0.2,0.15751953125,0.0003,-0.05218644440174103,0.0005180087975418246,0.014071572,0.8776690661907196,-6.083124530315399
88000,0.30000000447034836,1000.0,,,,,,,,,,,,,,,
88064,,,43,0.740909090909091,998.8977272727273,24,3554,,,,,,,,,,
89000,0.30000000447034836,1000.0,,,,,,-0.024296160307130776,430,0.2,0.1748046875,0.0003,-0.0072579700499773026,0.00032014467331009655,0.014696719,0.923694521188736,-6.0086813271045685
90000,0.30000000447034836,1000.0,,,,,,,,,,,,,,,
90112,,,44,0.7555555555555558,1000.0,24,3636,,,,,,,,,,
91000,0.30000000447034836,1000.0,,,,,,-0.0210909341374645,440,0.2,0.163330078125,0.0003,-0.031667158007621765,0.0006728592212311924,0.013993654,0.8914623633027077,-6.013584223389626
92000,0.30000000447034836,1000.0,,,,,,,,,,,,,,,
92160,,,45,0.7576086956521741,996.0434782608696,24,3717,,,,,,,,,,
93000,0.30000000447034836,1000.0,,,,,,-0.026283483405131848,450,0.2,0.1904296875,0.0003,-0.04792381823062897,0.0006024550524216466,0.017426625,0.8941510990262032,-6.0164563119411465
94000,0.30000000447034836,1000.0,,,,,,,,,,,,,,,
94208,,,46,0.7617021276595747,1000.0,24,3798,,,,,,,,,,
95000,0.30000000447034836,1000.0,,,,,,-0.018263300228863955,460,0.2,0.17412109375,0.0003,-0.029332047328352928,0.00024379889268857368,0.014177873,0.8937029466032982,-5.9706504687666895
96000,0.30000000447034836,1000.0,,,,,,,,,,,,,,,
96256,,,47,0.7635416666666667,993.4895833333334,24,3880,,,,,,,,,,
97000,0.30000000447034836,1000.0,,,,,,-0.021831116246175952,470,0.2,0.17705078125,0.0003,-0.010080100037157536,0.000485850447375924,0.015106982,0.8936558291316032,-5.925339488685131
98000,0.30000000447034836,1000.0,,,,,,,,,,,,,,,
98304,,,48,0.7683673469387755,1000.0,24,3961,,,,,,,,,,
99000,0.30000000447034836,1000.0,,,,,,-0.02764901819755323,480,0.2,0.22041015625,0.0003,-0.03306308761239052,0.0004793457722371386,0.022798523,0.8613021373748779,-5.971825277805328
100000,0.30000000447034836,1000.0,,,,,,,,,,,,,,,
100352,,,49,0.77,998.57,24,4042,,,,,,,,,,
101000,0.30000000447034836,1000.0,,,,,,-0.019710021506762133,490,0.2,0.165283203125,0.0003,-0.016533495858311653,0.0004266261235898128,0.015204431,0.9333643987774849,-5.961483153700828
102000,0.30000000447034836,1000.0,,,,,,,,,,,,,,,
102400,,,50,0.7750000000000001,996.58,24,4123,,,,,,,,,,
103000,0.30000000447034836,1000.0,,,,,,-0.027063558108056895,500,0.2,0.20478515625,0.0003,-0.017367057502269745,0.0005239519221504451,0.017418046,0.8801232501864433,-5.894779825210572
104000,0.30000000447034836,1000.0,,,,,,,,,,,,,,,
104448,,,51,0.7810000000000001,1000.0,24,4204,,,,,,,,,,
105000,0.30000000447034836,1000.0,,,,,,-0.025496737167122772,510,0.2,0.21767578125,0.0003,-0.03243475779891014,0.0003754527339424385,0.019916553,0.911360502243042,-6.042875675857067
106000,0.30000000447034836,1000.0,,,,,,,,,,,,,,,
106496,,,52,0.7809999999999999,1000.0,24,4286,,,,,,,,,,
107000,0.30000000447034836,1000.0,,,,,,-0.020511987476493233,520,0.2,0.2185546875,0.0003,-0.03342964127659798,0.00021233862399867577,0.020552173,0.9342813938856125,-5.933496968448162
108000,0.30000000447034836,1000.0,,,,,,,,,,,,,,,
108544,,,53,0.7880000000000001,997.9,24,4368,,,,,,,,,,
109000,0.30000000447034836,1000.0,,,,,,-0.019103093605372122,530,0.2,0.182568359375,0.0003,-0.05121186003088951,0.001447291104159376,0.017018944,0.8591814935207367,-5.894459944963455
110000,0.30000000447034836,1000.0,,,,,,,,,,,,,,,
110592,,,54,0.81,995.5,24,4449,,,,,,,,,,
111000,0.30000000447034836,1000.0,,,,,,-0.020460291212657467,540,0.2,0.193994140625,0.0003,-0.005052059888839722,0.0014467334798609955,0.016261462,0.7956098467111588,-5.878083112835884
112000,0.30000000447034836,1000.0,,,,,,,,,,,,,,,
112640,,,55,0.8100000000000002,992.32,24,4531,,,,,,,,,,
113000,0.30000000447034836,1000.0,,,,,,-0.023785499266523402,550,0.2,0.213623046875,0.0003,-0.0218425914645195,0.0003838749532519614,0.015857395,0.8987847566604614,-5.8205248311162
114000,0.30000000447034836,1000.0,,,,,,,,,,,,,,,
114688,,,56,0.8070000000000002,983.31,24,4612,,,,,,,,,,
115000,0.30000000447034836,1000.0,,,,,,-0.017550853692227975,560,0.2,0.197998046875,0.0003,-0.04699092358350754,0.000616905940887591,0.016180329,0.7359548807144165,-5.769768367707729
116000,0.30000000447034836,1000.0,,,,,,,,,,,,,,,
116736,,,57,0.8170000000000001,986.93,24,4694,,,,,,,,,,
117000,0.30000000447034836,1000.0,,,,,,-0.014817593456245958,570,0.2,0.1880859375,0.0003,-0.0386311411857605,0.0012734993866160948,0.014730681,0.6634306907653809,-5.912633349001408
118000,0.30000000447034836,1000.0,,,,,,,,,,,,,,,
118784,,,58,0.8270000000000001,988.66,24,4776,,,,,,,,,,
119000,0.30000000447034836,1000.0,,,,,,-0.020298626064322887,580,0.2,0.184326171875,0.0003,-0.019655417650938034,0.0011133156107462129,0.014868916,0.6910609304904938,-5.843884494900704
120000,0.30000000447034836,1000.0,,,,,,,,,,,,,,,
120832,,,59,0.8280000000000001,990.0,24,4858,,,,,,,,,,
121000,0.30000000447034836,1000.0,,,,,,-0.01925880608614534,590,0.2,0.190478515625,0.0003,-0.024587862193584442,0.0007529137644496587,0.017720273,0.8026175945997238,-5.862590871751308
122000,0.30000000447034836,1000.0,,,,,,,,,,,,,,,
122880,,,60,0.8300000000000002,977.09,24,4940,,,,,,,,,,
123000,0.30000000447034836,1000.0,,,,,,-0.020247448736336084,600,0.2,0.16953125,0.0003,-0.01375429704785347,0.0011739853513972776,0.014928633,0.7206841111183167,-5.675658763945103
124000,0.30000000447034836,1000.0,,,,,,,,,,,,,,,
124928,,,61,0.855,973.7,24,5022,,,,,,,,,,
125000,0.20000000298023224,1000.0,,,,,,-0.02186608416668605,610,0.2,0.216064453125,0.0003,-0.0412580743432045,0.0017273247671255377,0.019592572,0.8071398138999939,-5.6711120620369915
126000,0.20000000298023224,1000.0,,,,,,,,,,,,,,,
126976,,,62,0.8750000000000001,969.3,24,5103,,,,,,,,,,
127000,0.20000000298023224,1000.0,,,,,,-0.022214847154100426,620,0.2,0.196337890625,0.0003,-0.035392262041568756,0.0014171047544550674,0.016101668,0.7326506972312927,-5.677104850113392
128000,0.20000000298023224,1000.0,,,,,,,,,,,,,,,
129000,0.20000000298023224,1000.0,,,,,,,,,,,,,,,
129024,,,63,0.8940000000000002,967.47,24,5212,,,,,,,,,,
130000,0.20000000298023224,1000.0,,,,,,-0.021300137031357736,630,0.2,0.23056640625,0.0003,-0.02659168839454651,0.0019655330376735945,0.019869667,0.5940729379653931,-5.636770552396774
131000,0.20000000298023224,1000.0,,,,,,,,,,,,,,,
131072,,,64,0.9040000000000002,957.84,24,5294,,,,,,,,,,
132000,0.20000000298023224,1000.0,,,,,,-0.025769392205984332,640,0.2,0.225244140625,0.0003,-0.04473129287362099,0.0011404321686313778,0.019929836,0.7233253419399261,-5.63257936835289
133000,0.20000000298023224,1000.0,,,,,,,,,,,,,,,
133120,,,65,0.925,946.66,24,5376,,,,,,,,,,
134000,0.30000000447034836,1000.0,,,,,,-0.016999976462102495,650,0.2,0.19599609375,0.0003,-0.012029550969600677,0.0016706502646229638,0.015131448,0.6749550998210907,-5.641508886218071
135000,0.30000000447034836,1000.0,,,,,,,,,,,,,,,
135168,,,66,0.9450000000000002,936.1,24,5458,,,,,,,,,,
136000,0.30000000447034836,1000.0,,,,,,-0.024651905300561338,660,0.2,0.21015625,0.0003,-0.03609246015548706,0.0020547954539324566,0.017275026,0.6947370767593384,-5.629267674684525
137000,0.30000000447034836,1000.0,,,,,,,,,,,,,,,
137216,,,67,0.9640000000000002,926.17,24,5540,,,,,,,,,,
138000,0.30000000447034836,1000.0,,,,,,-0.024620519354357384,670,0.2,0.199658203125,0.0003,-0.04134082794189453,0.0010209786874384008,0.01730697,0.775068610906601,-5.452485758066177
139000,0.30000000447034836,1000.0,,,,,,,,,,,,,,,
139264,,,68,0.9880000000000001,891.75,24,5622,,,,,,,,,,
140000,0.30000000447034836,1000.0,,,,,,-0.022617057128809393,680,0.2,0.207958984375,0.0003,-0.04523753002285957,0.0016424231497694564,0.018250342,0.8455041944980621,-5.387177644670009
141000,0.30000000447034836,1000.0,,,,,,,,,,,,,,,
141312,,,69,0.9930000000000002,862.94,24,5703,,,,,,,,,,
142000,0.30000000447034836,1000.0,,,,,,-0.01802918942994438,690,0.2,0.19326171875,0.0003,-0.0038754944689571857,0.0016911269890442782,0.015901547,0.7828308194875717,-5.473942206799984
143000,0.30000000447034836,1000.0,,,,,,,,,,,,,,,
143360,,,70,1.0170000000000001,848.19,24,5785,,,,,,,,,,
144000,0.30000000447034836,1000.0,,,,,,-0.018488430039724335,700,0.2,0.199658203125,0.0003,-0.007639821153134108,0.0024336533635505473,0.016513597,0.5824629366397858,-5.4898353442549706
145000,0.30000000447034836,1000.0,,,,,,,,,,,,,,,
145408,,,71,1.038,817.73,24,5867,,,,,,,,,,
146000,0.30000000447034836,1000.0,,,,,,-0.02266295903536957,710,0.2,0.215576171875,0.0003,-0.040966980159282684,0.001999196026827121,0.017827243,0.6419031023979187,-5.421836538612842
147000,0.30000000447034836,1000.0,,,,,,,,,,,,,,,
147456,,,72,1.0679999999999998,801.53,24,5949,,,,,,,,,,
148000,0.30000000447034836,1000.0,,,,,,-0.012985513350577094,720,0.2,0.153759765625,0.0003,-0.03003610298037529,0.0018325419630400575,0.014182635,0.6748953461647034,-5.475938905775547
149000,0.30000000447034836,1000.0,,,,,,,,,,,,,,,
149504,,,73,1.092,774.59,24,6030,,,,,,,,,,
150000,0.30000000447034836,1000.0,,,,,,-0.016304100697743705,730,0.2,0.2115234375,0.0003,-0.025438394397497177,0.001963703722367427,0.021596052,0.7115576863288879,-5.262083521485328
151000,0.30000000447034836,1000.0,,,,,,,,,,,,,,,
151552,,,74,1.114,742.31,24,6112,,,,,,,,,,
152000,0.30000000447034836,1000.0,,,,,,-0.014979773040977307,740,0.2,0.192333984375,0.0003,-0.04516720771789551,0.002341560199874948,0.014607659,0.6639544665813446,-5.4041100814938545
153000,0.30000000447034836,1000.0,,,,,,,,,,,,,,,
153600,,,75,1.1440000000000001,664.72,24,6193,,,,,,,,,,
154000,0.5000000074505806,1000.0,,,,,,-0.02050306119781453,750,0.2,0.188525390625,0.0003,-0.04027608782052994,0.0030643368298115094,0.015603867,0.6836587190628052,-5.2090586617589
155000,0.5000000074505806,1000.0,,,,,,,,,,,,,,,
155648,,,76,1.1480000000000004,600.59,24,6275,,,,,,,,,,
156000,0.5000000074505806,1000.0,,,,,,-0.015380720637040213,760,0.2,0.168017578125,0.0003,-0.00020718714222311974,0.0020112998980039267,0.015565542,0.7105697691440582,-5.191105060279369
157000,0.5000000074505806,1000.0,,,,,,,,,,,,,,,
157696,,,77,1.1600000000000004,509.78,24,6357,,,,,,,,,,
158000,0.5000000074505806,1000.0,,,,,,-0.021765137209149542,770,0.2,0.226318359375,0.0003,-0.04741030931472778,0.002665664942469448,0.017645283,0.7609400898218155,-5.023923961818218
159000,0.5000000074505806,1000.0,,,,,,,,,,,,,,,
159744,,,78,1.1330000000000005,396.69,24,6439,,,,,,,,,,
160000,0.7000000104308128,1000.0,,,,,,-0.024855479982215913,780,0.2,0.234765625,0.0003,-0.028160784393548965,0.0033266431662923425,0.021139909,0.7331112623214722,-4.895087450742722
161000,0.7000000104308128,1000.0,,,,,,,,,,,,,,,
161792,,,79,1.0950000000000004,306.46,24,6521,,,,,,,,,,
162000,0.7000000104308128,1000.0,,,,,,-0.018872720425133594,790,0.2,0.198486328125,0.0003,-0.03186199441552162,0.0020933690089805167,0.015152764,0.8404115736484528,-4.936917185783386
163000,0.7000000104308128,1000.0,,,,,,,,,,,,,,,
163840,,,80,1.0600000000000003,246.48,24,6604,,,,,,,,,,
164000,0.7000000104308128,1000.0,,,,,,-0.019039300645818002,800,0.2,0.213818359375,0.0003,-0.023944858461618423,0.0036280654296206192,0.015763318,0.7284824252128601,-4.908885395526886
165000,0.7000000104308128,1000.0,,,,,,,,,,,,,,,
165888,,,81,1.0370000000000004,204.1,24,6687,,,,,,,,,,
166000,0.7000000104308128,1000.0,,,,,,-0.018723375810077415,810,0.2,0.201416015625,0.0003,-0.00502129876986146,0.0020167764532743604,0.019630827,0.8096763640642166,-4.862892132997513
167000,0.7000000104308128,1000.0,,,,,,,,,,,,,,,
167936,,,82,0.9860000000000003,147.0,24,6771,,,,,,,,,,
168000,0.7000000104308128,1000.0,,,,,,-0.027797277044737712,820,0.2,0.26708984375,0.0003,-0.046764977276325226,0.0006816219797656231,0.023592701,0.9512097761034966,-4.655603301525116
169000,0.7000000104308128,1000.0,,,,,,,,,,,,,,,
169984,,,83,0.9640000000000003,117.11,24,6855,,,,,,,,,,
170000,0.9000000134110451,9.0,,,,,,-0.015443980606505647,830,0.2,0.188330078125,0.0003,-0.006633775308728218,0.002877110011195327,0.015172035,0.8798639923334122,-4.518917074799537
171000,0.9000000134110451,9.0,,,,,,,,,,,,,,,
172000,0.9000000134110451,9.0,,,,,,,,,,,,,,,
172032,,,84,0.9460000000000005,95.14,24,6881,,,,,,,,,,
173000,0.9000000134110451,9.0,,,,,,-0.020166128576966,840,0.2,0.27158203125,0.0003,-0.011174448765814304,0.002457808368308179,0.020954926,0.8998965695500374,-4.345845849812031
174000,0.9000000134110451,9.0,,,,,,,,,,,,,,,
174080,,,85,0.9380000000000003,68.66,25,6907,,,,,,,,,,
175000,0.9000000134110451,9.0,,,,,,-0.01710898801102303,850,0.2,0.233740234375,0.0003,-0.009762083180248737,0.0026193661536126457,0.019347735,0.915489949285984,-4.098465366661548
176000,0.9000000134110451,9.0,,,,,,,,,,,,,,,
176128,,,86,0.9360000000000004,52.71,25,6933,,,,,,,,,,
177000,0.9000000134110451,9.0,,,,,,-0.018134850924252533,860,0.2,0.1916015625,0.0003,-0.011912752874195576,0.0024434724260572692,0.01651559,0.9290338307619095,-3.950762815028429
178000,0.9000000134110451,9.0,,,,,,,,,,,,,,,
178176,,,87,0.9320000000000005,45.82,25,6959,,,,,,,,,,
179000,0.9000000134110451,9.0,,,,,,-0.01566944517835509,870,0.2,0.220654296875,0.0003,-0.028713952749967575,0.002341057864441609,0.015587157,0.9412241578102112,-3.8215092279016973
180000,0.9000000134110451,9.0,,,,,,,,,,,,,,,
180224,,,88,0.9190000000000004,36.21,25,6986,,,,,,,,,,
181000,0.9000000134110451,9.0,,,,,,-0.028536927918321454,880,0.2,0.273095703125,0.0003,0.0004077590419910848,0.0010675451104589229,0.018289167,0.9752893932163715,-3.489029414206743
182000,0.9000000134110451,9.0,,,,,,,,,,,,,,,
182272,,,89,0.9150000000000005,30.75,25,7012,,,,,,,,,,
183000,0.9000000134110451,9.0,,,,,,-0.013182379354839213,890,0.2,0.21640625,0.0003,-0.032936226576566696,0.003253023340721484,0.017049406,0.9281050562858582,-3.375472106039524
184000,0.9000000134110451,9.0,,,,,,,,,,,,,,,
184320,,,90,0.9190000000000004,27.8,26,7038,,,,,,,,,,
185000,0.9000000134110451,9.0,,,,,,-0.019756210412015206,900,0.2,0.243408203125,0.0003,-0.0508917011320591,0.002521469686735145,0.0219648,0.9479366578161716,-3.1238927714526654
186000,0.9000000134110451,9.0,,,,,,,,,,,,,,,
186368,,,91,0.9230000000000004,27.67,26,7065,,,,,,,,,,
187000,0.9000000134110451,9.0,,,,,,-0.01391458056459669,910,0.2,0.20244140625,0.0003,-0.005039163865149021,0.003132992721248229,0.021225568,0.9327163696289062,-3.2575300127267837
188000,0.9000000134110451,9.0,,,,,,,,,,,,,,,
188416,,,92,0.9220000000000005,28.72,26,7091,,,,,,,,,,
189000,0.9000000134110451,9.0,,,,,,-0.013250621352926827,920,0.2,0.225537109375,0.0003,-0.023701975122094154,0.002720145402872731,0.019295864,0.9429579041898251,-3.024787740409374
190000,0.9000000134110451,9.0,,,,,,,,,,,,,,,
190464,,,93,0.9140000000000004,21.08,26,7117,,,,,,,,,,
191000,0.9000000134110451,9.0,,,,,,-0.018397122173337267,930,0.2,0.26865234375,0.0003,-0.016520310193300247,0.002969804703138834,0.020508636,0.9503924772143364,-2.565646144002676
192000,0.9000000134110451,9.0,,,,,,,,,,,,,,,
192512,,,94,0.9150000000000005,18.64,26,7144,,,,,,,,,,
193000,0.9000000134110451,9.0,,,,,,-0.011667937893071212,940,0.2,0.202001953125,0.0003,-0.04686165973544121,0.003436083436918125,0.021724809,0.9432583749294281,-2.2732234437018635
194000,0.9000000134110451,9.0,,,,,,,,,,,,,,,
194560,,,95,0.9110000000000005,16.02,27,7170,,,,,,,,,,
195000,0.9000000134110451,9.0,,,,,,-0.02775072687654756,950,0.2,0.26689453125,0.0003,-0.05676719546318054,0.0012791896247904334,0.026122797,0.9782864414155483,-1.8845708455890418
196000,0.9000000134110451,9.0,,,,,,,,,,,,,,,
196608,,,96,0.9150000000000005,17.68,27,7196,,,,,,,,,,
197000,0.9000000134110451,9.0,,,,,,-0.014796625814051367,960,0.2,0.162744140625,0.0003,-0.030237028375267982,0.0028510777119208795,0.017034458,0.9685568772256374,-2.219636680558324
198000,0.9000000134110451,9.0,,,,,,,,,,,,,,,
198656,,,97,0.9060000000000005,13.54,27,7223,,,,,,,,,,
199000,0.9000000134110451,9.0,,,,,,-0.02122853621840477,970,0.2,0.257861328125,0.0003,-0.01662389375269413,0.001766385457085562,0.052789286,0.9723106492310762,-1.5429092846810817
200000,0.9000000134110451,9.0,,,,,,,,,,,,,,,
200704,,,98,0.9040000000000004,14.05,27,7250,,,,,,,,,,
201000,0.9000000134110451,9.0,,,,,,-0.01693037471268326,980,0.2,0.16923828125,0.0003,-0.05020887404680252,0.0020893353287760874,0.015975554,0.9491756521165371,-1.4077007224783302
202000,0.9000000134110451,9.0,,,,,,,,,,,,,,,
202752,,,99,0.9050000000000005,11.73,27,7276,,,,,,,,,,
203000,0.9000000134110451,9.0,,,,,,-0.01659723332268186,990,0.2,0.169580078125,0.0003,-0.03558272123336792,0.0016839846610480435,0.022546314,0.973962128162384,-0.9241390166804194
204000,0.9000000134110451,9.0,,,,,,,,,,,,,,,
204800,,,100,0.9070000000000005,10.98,28,7302,,,,,,,,,,
205000,0.9000000134110451,9.0,,,,,,-0.023044564767042176,1000,0.2,0.1650390625,0.0003,-0.002082998398691416,0.001609294087387525,0.032111794,0.9760733488947153,-0.6881989752873778
206000,0.9000000134110451,9.0,,,,,,,,,,,,,,,
206848,,,101,0.9000000000000005,19.99,28,7329,,,,,,,,,,
207000,0.9000000134110451,9.0,,,,,,-0.014668868473381735,1010,0.2,0.159912109375,0.0003,-0.018930938094854355,0.00015970052629938892,0.012021258,0.9944100226275623,-2.2583677530288697
208000,0.9000000134110451,9.0,,,,,,,,,,,,,,,
208896,,,102,0.9080000000000004,10.4,28,7355,,,,,,,,,,
209000,0.9000000134110451,9.0,,,,,,-0.018966936302604154,1020,0.2,0.1794921875,0.0003,-0.05586839094758034,0.0019236022559312004,0.018475154,0.9812141619622707,-2.5076926395297052
210000,0.9000000134110451,9.0,,,,,,,,,,,,,,,
210944,,,103,0.9080000000000004,10.05,28,7381,,,,,,,,,,
211000,0.9000000134110451,9.0,,,,,,-0.017439036030555143,1030,0.2,0.09072265625,0.0003,-0.02752727083861828,0.001914242227928753,0.02716925,0.9723621606826782,-0.8018461428582668
212000,0.9000000134110451,9.0,,,,,,,,,,,,,,,
212992,,,104,0.9070000000000005,10.37,28,7408,,,,,,,,,,
213000,0.9000000134110451,9.0,,,,,,-0.015994232286902842,1040,0.2,0.12197265625,0.0003,-0.021357793360948563,0.0012824736456536812,0.017410189,0.9764790125191212,-0.8145885728299618
214000,0.9000000134110451,9.0,,,,,,,,,,,,,,,
215000,0.9000000134110451,9.0,,,,,,,,,,,,,,,
215040,,,105,0.9000000000000005,9.67,28,7434,,,,,,,,,,
216000,0.9000000134110451,9.0,,,,,,-0.019638833016506395,1050,0.2,0.094580078125,0.0003,-0.04325643181800842,0.00011525994597292311,0.044942062,0.9962567316833884,-0.4620718925260007
217000,0.9000000134110451,9.0,,,,,,,,,,,,,,,
217088,,,106,0.9020000000000005,9.69,29,7460,,,,,,,,,,
218000,0.9000000134110451,9.0,,,,,,-0.03177990602562204,1060,0.2,0.299267578125,0.0003,-0.10941959917545319,0.00017362449228812692,0.06999803,0.9956769119016826,-2.0523192897439
219000,0.9000000134110451,9.0,,,,,,,,,,,,,,,
219136,,,107,0.9000000000000005,9.55,29,7487,,,,,,,,,,
220000,0.9000000134110451,9.0,,,,,,-0.01684402124665212,1070,0.2,0.0603515625,0.0003,0.010417765937745571,0.0009622834440619954,0.015553225,0.9857666660100222,-0.5129171520471573
221000,0.9000000134110451,9.0,,,,,,,,,,,,,,,
221184,,,108,0.9000000000000005,9.38,29,7513,,,,,,,,,,
222000,0.9000000134110451,9.0,,,,,,-0.01021224314463325,1080,0.2,0.159814453125,0.0003,-0.06987405568361282,3.710359328366053e-05,0.034884214,0.9973830943927169,-2.021928049623966
223000,0.9000000134110451,9.0,,,,,,,,,,,,,,,
223232,,,109,0.9020000000000005,9.37,29,7539,,,,,,,,,,
224000,0.9000000134110451,9.0,,,,,,-0.01096669768448919,1090,0.2,0.02724609375,0.0003,0.0038387118838727474,0.0009811521574860649,0.003452737,0.9854483688250184,-0.22478289124555886
225000,0.9000000134110451,9.0,,,,,,,,,,,,,,,
225280,,,110,0.9070000000000005,9.35,29,7566,,,,,,,,,,
226000,0.9000000134110451,9.0,,,,,,-0.012253988714655861,1100,0.2,0.037158203125,0.0003,-0.041411466896533966,0.0011338775887963948,0.0066595944,0.9827900994569063,-0.22212612880393862
227000,0.9000000134110451,9.0,,,,,,,,,,,,,,,
227328,,,111,0.9000000000000005,9.36,29,7592,,,,,,,,,,
228000,0.9000000134110451,9.0,,,,,,-0.020640485757030546,1110,0.2,0.18974609375,0.0003,-0.0490373820066452,0.0016341971494625795,0.04098034,0.9739353749901056,-0.3542392509523779
229000,0.9000000134110451,9.0,,,,,,,,,,,,,,,
229376,,,112,0.9000000000000005,9.7,30,7618,,,,,,,,,,
230000,0.9000000134110451,9.0,,,,,,-0.029270004518912172,1120,0.2,0.167724609375,0.0003,-0.06417497992515564,0.0006204804338267422,0.028383605,0.9894483964890242,-0.27425942281261084
231000,0.9000000134110451,9.0,,,,,,,,,,,,,,,
231424,,,113,0.9010000000000005,9.33,30,7645,,,,,,,,,,
232000,0.9000000134110451,9.0,,,,,,-0.012446399762120563,1130,0.2,0.04892578125,0.0003,-0.037439942359924316,0.00011439328450304486,0.02122562,0.9866285556927323,-0.23954496774822473
233000,0.9000000134110451,9.0,,,,,,,,,,,,,,,
233472,,,114,0.9000000000000005,9.55,30,7670,,,,,,,,,,
234000,0.9000000134110451,9.0,,,,,,-0.02349024018330965,1140,0.2,0.25263671875,0.0003,-0.022393103688955307,0.0006769602551059961,0.057355724,0.9924293807707727,-1.2593223091214896
235000,0.9000000134110451,9.0,,,,,,,,,,,,,,,
235520,,,115,0.9060000000000005,9.33,30,7693,,,,,,,,,,
236000,0.9000000134110451,9.0,,,,,,-0.007193349796580151,1150,0.2,0.124853515625,0.0003,-0.044790200889110565,0.0015217713453580472,0.016773432,0.9822147507220507,-1.1455078868195414
237000,0.9000000134110451,9.0,,,,,,,,,,,,,,,
237568,,,116,0.9010000000000005,9.67,30,7716,,,,,,,,,,
238000,0.9000000134110451,9.0,,,,,,-0.01564016967895441,1160,0.2,0.11865234375,0.0003,-0.032309792935848236,6.607796188262682e-05,0.022265775,0.9983121521072462,-0.18103039874695243
239000,0.9000000134110451,9.0,,,,,,,,,,,,,,,
239616,,,117,0.9080000000000004,9.82,30,7739,,,,,,,,,,
240000,0.9000000134110451,9.0,,,,,,-0.013712974352529272,1170,0.2,0.095166015625,0.0003,0.003418407402932644,0.003506062041287805,0.016415555,0.94507722184062,-0.29341400098055603
241000,0.9000000134110451,9.0,,,,,,,,,,,,,,,
241664,,,118,0.9060000000000005,9.68,31,7762,,,,,,,,,,
242000,0.9000000134110451,9.0,,,,,,-0.014463838614756242,1180,0.2,0.107421875,0.0003,-0.04647613316774368,0.0019235172882304142,0.017670533,0.9675128757953644,-0.2700739453546703
243000,0.9000000134110451,9.0,,,,,,,,,,,,,,,
243712,,,119,0.9050000000000005,13.21,31,7785,,,,,,,,,,
244000,0.9000000134110451,9.0,,,,,,-0.00676069873443339,1190,0.2,0.1548828125,0.0003,-0.06888669729232788,0.002593336315067063,0.020885453,0.9652339406311512,-0.9224692745134234
245000,0.9000000134110451,9.0,,,,,,,,,,,,,,,
245760,,,120,0.9060000000000005,9.93,31,7809,,,,,,,,,,
246000,0.9000000134110451,9.0,,,,,,-0.01263337945274543,1200,0.2,0.08369140625,0.0003,-0.027745500206947327,0.001062949175036465,0.008193323,0.9825140461325645,-0.4322324614506215
247000,0.9000000134110451,9.0,,,,,,,,,,,,,,,
247808,,,121,0.9020000000000005,19.52,31,7831,,,,,,,,,,
248000,0.9000000134110451,9.0,,,,,,-0.011001941832364536,1210,0.2,0.15576171875,0.0003,0.02031954564154148,2.90686713391608e-05,0.018015549,0.9981713042361662,-2.080179238691926
249000,0.9000000134110451,9.0,,,,,,,,,,,,,,,
249856,,,122,0.9000000000000005,9.49,31,7854,,,,,,,,,,
250000,0.9000000134110451,9.0,,,,,,-0.011399580788565799,1220,0.2,0.1349609375,0.0003,0.020680535584688187,9.140119020543125e-05,0.032687593,0.9988600572105497,-1.5227516198530793
251000,0.9000000134110451,9.0,,,,,,,,,,,,,,,
251904,,,123,0.9000000000000005,9.28,31,7878,,,,,,,,,,
