eval/mean_ep_length,time/total_timesteps,eval/mean_reward,time/time_elapsed,time/fps,time/iterations,train/n_updates,train/value_loss,train/explained_variance,train/learning_rate,train/kl_divergence_loss,train/is_line_search_success,train/policy_objective
10000.0,1000,0.0,,,,,,,,,,
10000.0,2000,0.0,,,,,,,,,,
,2048,,204,10,1,,,,,,,
10000.0,3000,0.0,,,,1,0.024575194623321295,0.6535369157791138,0.001,0.005464994348585606,1.0,0.05479477718472481
10000.0,4000,0.0,,,,,,,,,,
,4096,,408,10,2,,,,,,,
10000.0,5000,0.0,,,,2,0.015453986419015565,0.8792867064476013,0.001,0.006429948844015598,1.0,0.056430377066135406
10000.0,6000,0.0,,,,,,,,,,
,6144,,612,10,3,,,,,,,
10000.0,7000,0.0,,,,3,0.01783268196013523,0.89543866366148,0.001,0.0056469254195690155,1.0,0.048527903854846954
10000.0,8000,0.0,,,,,,,,,,
,8192,,817,10,4,,,,,,,
10000.0,9000,0.0,,,,4,0.005911499870126136,0.7142476439476013,0.001,0.005335803609341383,1.0,0.04803214967250824
10000.0,10000,0.0,,,,,,,,,,
,10240,,1021,10,5,,,,,,,
10000.0,11000,0.0,,,,5,0.01188049002957996,0.8600518107414246,0.001,0.006252706050872803,1.0,0.045817404985427856
10000.0,12000,0.0,,,,,,,,,,
,12288,,1226,10,6,,,,,,,
10000.0,13000,0.0,,,,6,0.005698174666031263,0.7825289219617844,0.001,0.004951665177941322,1.0,0.053347714245319366
10000.0,14000,0.0,,,,,,,,,,
,14336,,1430,10,7,,,,,,,
10000.0,15000,0.0,,,,7,0.007466366200969787,0.8917961120605469,0.001,0.004513787105679512,1.0,0.07077422738075256
10000.0,16000,0.0,,,,,,,,,,
,16384,,1634,10,8,,,,,,,
10000.0,17000,0.0,,,,8,0.003238030857028207,0.8385223001241684,0.001,0.005706069990992546,1.0,0.04428405314683914
10000.0,18000,0.0,,,,,,,,,,
,18432,,1839,10,9,,,,,,,
10000.0,19000,0.0,,,,9,0.013280698892776855,0.8757776096463203,0.001,0.00440047075971961,1.0,0.05206514894962311
10000.0,20000,0.0,,,,,,,,,,
,20480,,2043,10,10,,,,,,,
10000.0,21000,0.0,,,,10,0.003762432627263479,0.6763292253017426,0.001,0.0057241041213274,1.0,0.050867438316345215
10000.0,22000,0.0,,,,,,,,,,
,22528,,2247,10,11,,,,,,,
10000.0,23000,0.0,,,,11,0.0021803796015774425,0.9205259904265404,0.001,0.005538075231015682,1.0,0.04949744790792465
10000.0,24000,0.0,,,,,,,,,,
,24576,,2452,10,12,,,,,,,
10000.0,25000,0.0,,,,12,0.004620033461105777,0.7609213143587112,0.001,0.004232726991176605,1.0,0.05471989884972572
10000.0,26000,0.0,,,,,,,,,,
,26624,,2656,10,13,,,,,,,
10000.0,27000,0.0,,,,13,0.005341248084732797,0.7865323722362518,0.001,0.00565353175625205,1.0,0.05017627775669098
10000.0,28000,0.0,,,,,,,,,,
,28672,,2860,10,14,,,,,,,
10000.0,29000,0.0,,,,14,0.002001470483810408,0.7681084126234055,0.001,0.004099482670426369,1.0,0.050078485161066055
10000.0,30000,0.0,,,,,,,,,,
,30720,,3065,10,15,,,,,,,
10000.0,31000,0.10000000149011612,,,,15,0.005713764765823725,0.8624922037124634,0.001,0.00627511041238904,1.0,0.0471535250544548
10000.0,32000,0.10000000149011612,,,,,,,,,,
,32768,,3269,10,16,,,,,,,
10000.0,33000,0.0,,,,16,0.0025680890459625514,0.7566888630390167,0.001,0.004475061781704426,1.0,0.06300903856754303
10000.0,34000,0.0,,,,,,,,,,
,34816,,3474,10,17,,,,,,,
10000.0,35000,0.0,,,,17,0.005333861285180319,0.7804910242557526,0.001,0.005527865141630173,1.0,0.056529004126787186
10000.0,36000,0.0,,,,,,,,,,
,36864,,3678,10,18,,,,,,,
10000.0,37000,0.0,,,,18,0.0026059018424348323,0.816756546497345,0.001,0.005617840215563774,1.0,0.05565064400434494
10000.0,38000,0.0,,,,,,,,,,
,38912,,3882,10,19,,,,,,,
10000.0,39000,0.0,,,,19,0.0017170547751447884,0.7594993412494659,0.001,0.004645893815904856,1.0,0.058141522109508514
10000.0,40000,0.0,,,,,,,,,,
,40960,,4087,10,20,,,,,,,
10000.0,41000,0.0,,,,20,0.002704421390444622,0.8289920836687088,0.001,0.0046817706897854805,1.0,0.052395857870578766
10000.0,42000,0.0,,,,,,,,,,
10000.0,43000,0.0,,,,,,,,,,
,43008,,4391,9,21,,,,,,,
10000.0,44000,0.0,,,,21,0.0017994980460571241,0.8269003331661224,0.001,0.005957772023975849,1.0,0.05008669197559357
10000.0,45000,0.0,,,,,,,,,,
,45056,,4595,9,22,,,,,,,
10000.0,46000,0.0,,,,22,0.0016369687738915673,0.7875371724367142,0.001,0.004917770624160767,1.0,0.06691315770149231
10000.0,47000,0.0,,,,,,,,,,
,47104,,4800,9,23,,,,,,,
10000.0,48000,0.0,,,,23,0.0018749877179288887,0.8944470807909966,0.001,0.006137147080153227,1.0,0.04948451370000839
10000.0,49000,0.0,,,,,,,,,,
,49152,,5004,9,24,,,,,,,
10000.0,50000,0.0,,,,24,0.0006493409604445332,0.8252536505460739,0.001,0.004726290237158537,1.0,0.04766818881034851
10000.0,51000,0.0,,,,,,,,,,
,51200,,5209,9,25,,,,,,,
10000.0,52000,0.0,,,,25,0.000800746302229527,0.8305655866861343,0.001,0.006018415093421936,1.0,0.049472685903310776
10000.0,53000,0.0,,,,,,,,,,
,53248,,5413,9,26,,,,,,,
10000.0,54000,0.0,,,,26,0.0007314958793358528,0.7991134971380234,0.001,0.005796605721116066,1.0,0.05958506464958191
10000.0,55000,0.0,,,,,,,,,,
,55296,,5617,9,27,,,,,,,
10000.0,56000,0.0,,,,27,0.001553223770679324,0.8710514307022095,0.001,0.005505140870809555,1.0,0.048798590898513794
10000.0,57000,0.0,,,,,,,,,,
,57344,,5822,9,28,,,,,,,
10000.0,58000,0.0,,,,28,0.0013952464856629375,0.9207223951816559,0.001,0.004902590997517109,1.0,0.05013114959001541
10000.0,59000,0.0,,,,,,,,,,
,59392,,6026,9,29,,,,,,,
10000.0,60000,0.0,,,,29,0.0009158838431176264,0.8475892394781113,0.001,0.004561223089694977,1.0,0.057015594094991684
10000.0,61000,0.0,,,,,,,,,,
,61440,,6230,9,30,,,,,,,
10000.0,62000,0.0,,,,30,0.0006806769306422211,0.8980036601424217,0.001,0.004936953540891409,1.0,0.04894416779279709
10000.0,63000,0.0,,,,,,,,,,
,63488,,6435,9,31,,,,,,,
10000.0,64000,0.0,,,,31,0.0009861253156486782,0.5872309803962708,0.001,0.003736463375389576,1.0,0.07485421746969223
10000.0,65000,0.0,,,,,,,,,,
,65536,,6639,9,32,,,,,,,
10000.0,66000,0.0,,,,32,0.001797532697673887,0.8166660666465759,0.001,0.004816331900656223,1.0,0.05121918022632599
10000.0,67000,0.0,,,,,,,,,,
,67584,,6844,9,33,,,,,,,
10000.0,68000,0.20000000298023224,,,,33,0.0017370481455145637,0.8611522912979126,0.001,0.005273153074085712,1.0,0.05708295851945877
10000.0,69000,0.20000000298023224,,,,,,,,,,
,69632,,7048,9,34,,,,,,,
10000.0,70000,0.20000000298023224,,,,34,0.0007387886158539914,0.9251609072089195,0.001,0.005692809820175171,1.0,0.05788789689540863
10000.0,71000,0.20000000298023224,,,,,,,,,,
,71680,,7252,9,35,,,,,,,
10000.0,72000,0.20000000298023224,,,,35,0.0016351537100490533,0.8155954331159592,0.001,0.00529351644217968,1.0,0.05936848372220993
10000.0,73000,0.20000000298023224,,,,,,,,,,
,73728,,7457,9,36,,,,,,,
10000.0,74000,0.20000000298023224,,,,36,0.0020483718770265115,0.6699478924274445,0.001,0.00440251175314188,1.0,0.059099555015563965
10000.0,75000,0.20000000298023224,,,,,,,,,,
,75776,,7661,9,37,,,,,,,
10000.0,76000,0.20000000298023224,,,,37,0.00116907394676673,0.8637391179800034,0.001,0.004391903523355722,1.0,0.05276857689023018
10000.0,77000,0.20000000298023224,,,,,,,,,,
,77824,,7865,9,38,,,,,,,
10000.0,78000,0.20000000298023224,,,,38,0.0015294708759029164,0.6333152651786804,0.001,0.004467743914574385,1.0,0.05489352345466614
10000.0,79000,0.20000000298023224,,,,,,,,,,
,79872,,8070,9,39,,,,,,,
10000.0,80000,0.20000000298023224,,,,39,0.00042196715166937794,0.7180923521518707,0.001,0.0057722460478544235,1.0,0.05537145584821701
10000.0,81000,0.20000000298023224,,,,,,,,,,
,81920,,8274,9,40,,,,,,,
10000.0,82000,0.20000000298023224,,,,40,0.0008955577532105963,0.6189752221107483,0.001,0.00513081531971693,1.0,0.07594305276870728
10000.0,83000,0.20000000298023224,,,,,,,,,,
,83968,,8479,9,41,,,,,,,
10000.0,84000,0.20000000298023224,,,,41,0.0005604801870504161,0.42377400398254395,0.001,0.004766607657074928,1.0,0.06558606028556824
10000.0,85000,0.20000000298023224,,,,,,,,,,
10000.0,86000,0.20000000298023224,,,,,,,,,,
,86016,,8783,9,42,,,,,,,
10000.0,87000,0.20000000298023224,,,,42,0.0007472442128346301,0.6678630411624908,0.001,0.004380105063319206,1.0,0.06237161532044411
10000.0,88000,0.20000000298023224,,,,,,,,,,
,88064,,8987,9,43,,,,,,,
10000.0,89000,0.20000000298023224,,,,43,0.0008261648283223622,0.8138911724090576,0.001,0.004827442578971386,1.0,0.05554370954632759
10000.0,90000,0.20000000298023224,,,,,,,,,,
,90112,,9192,9,44,,,,,,,
10000.0,91000,0.20000000298023224,,,,44,0.0011677092194076976,0.7283029556274414,0.001,0.005913863889873028,1.0,0.05144432932138443
10000.0,92000,0.20000000298023224,,,,,,,,,,
,92160,,9396,9,45,,,,,,,
10000.0,93000,0.10000000149011612,,,,45,0.0006035969101503725,0.5564481616020203,0.001,0.005428398493677378,1.0,0.05655084177851677
10000.0,94000,0.10000000149011612,,,,,,,,,,
,94208,,9600,9,46,,,,,,,
10000.0,95000,0.10000000149011612,,,,46,0.0011979847577094915,0.5608170032501221,0.001,0.004814756102859974,1.0,0.05710333585739136
10000.0,96000,0.10000000149011612,,,,,,,,,,
,96256,,9805,9,47,,,,,,,
10000.0,97000,0.10000000149011612,,,,47,0.0007603224574268097,0.7823304682970047,0.001,0.004487812053412199,1.0,0.051272742450237274
10000.0,98000,0.10000000149011612,,,,,,,,,,
,98304,,10009,9,48,,,,,,,
10000.0,99000,0.10000000149011612,,,,48,0.0008979863054264569,0.6500009298324585,0.001,0.00407763198018074,1.0,0.06345666199922562
10000.0,100000,0.10000000149011612,,,,,,,,,,
,100352,,10213,9,49,,,,,,,
10000.0,101000,0.10000000149011612,,,,49,0.0010097605923874652,0.8696456402540207,0.001,0.004945703316479921,1.0,0.058244675397872925
10000.0,102000,0.10000000149011612,,,,,,,,,,
,102400,,10418,9,50,,,,,,,
10000.0,103000,0.10000000149011612,,,,50,0.0009685684004580253,0.7859533280134201,0.001,0.004448135383427143,1.0,0.06049481779336929
10000.0,104000,0.10000000149011612,,,,,,,,,,
,104448,,10622,9,51,,,,,,,
10000.0,105000,0.10000000149011612,,,,51,0.0009182816052998533,0.7730404138565063,0.001,0.004632777068763971,1.0,0.05969151481986046
10000.0,106000,0.10000000149011612,,,,,,,,,,
,106496,,10827,9,52,,,,,,,
10000.0,107000,0.10000000149011612,,,,52,0.0005178870535928581,0.8470247834920883,0.001,0.004051091615110636,1.0,0.06258668750524521
10000.0,108000,0.10000000149011612,,,,,,,,,,
,108544,,11031,9,53,,,,,,,
10000.0,109000,0.10000000149011612,,,,53,0.001286253734724596,0.8225009441375732,0.001,0.005202125757932663,1.0,0.05492096394300461
10000.0,110000,0.10000000149011612,,,,,,,,,,
,110592,,11235,9,54,,,,,,,
10000.0,111000,0.10000000149011612,,,,54,0.0006789999637476285,0.8239137679338455,0.001,0.004678970202803612,1.0,0.0644177570939064
10000.0,112000,0.10000000149011612,,,,,,,,,,
,112640,,11440,9,55,,,,,,,
10000.0,113000,0.10000000149011612,,,,55,0.0006236365114091313,0.7912375330924988,0.001,0.004306318238377571,1.0,0.06956946849822998
10000.0,114000,0.10000000149011612,,,,,,,,,,
,114688,,11644,9,56,,,,,,,
10000.0,115000,0.10000000149011612,,,,56,0.0005690348322787031,0.8634643852710724,0.001,0.006284492556005716,1.0,0.05181916430592537
10000.0,116000,0.10000000149011612,,,,,,,,,,
,116736,,11848,9,57,,,,,,,
10000.0,117000,0.10000000149011612,,,,57,0.0008856635160555016,0.7845063209533691,0.001,0.005546466913074255,1.0,0.06299213320016861
10000.0,118000,0.10000000149011612,,,,,,,,,,
,118784,,12053,9,58,,,,,,,
10000.0,119000,0.10000000149011612,,,,58,0.0003890071557179908,0.947712317109108,0.001,0.005443925503641367,1.0,0.05658140778541565
10000.0,120000,0.10000000149011612,,,,,,,,,,
,120832,,12257,9,59,,,,,,,
10000.0,121000,0.10000000149011612,,,,59,0.0007340848205785733,0.8035018295049667,0.001,0.005603783298283815,1.0,0.06000593677163124
10000.0,122000,0.10000000149011612,,,,,,,,,,
,122880,,12461,9,60,,,,,,,
10000.0,123000,0.10000000149011612,,,,60,0.0013177066010030102,0.7405639886856079,0.001,0.006430945359170437,1.0,0.05517757683992386
10000.0,124000,0.10000000149011612,,,,,,,,,,
,124928,,12666,9,61,,,,,,,
10000.0,125000,0.10000000149011612,,,,61,0.0004679144400142832,0.7565800845623016,0.001,0.005536409094929695,1.0,0.05543018877506256
10000.0,126000,0.10000000149011612,,,,,,,,,,
,126976,,12870,9,62,,,,,,,
10000.0,127000,0.10000000149011612,,,,62,0.0005496665882674279,0.8138710111379623,0.001,0.005956963635981083,1.0,0.054394278675317764
10000.0,128000,0.10000000149011612,,,,,,,,,,
10000.0,129000,0.10000000149011612,,,,,,,,,,
,129024,,13174,9,63,,,,,,,
10000.0,130000,0.10000000149011612,,,,63,0.0003767449070892326,0.7669992595911026,0.001,0.0039429981261491776,1.0,0.06302331387996674
10000.0,131000,0.10000000149011612,,,,,,,,,,
,131072,,13379,9,64,,,,,,,
10000.0,132000,0.10000000149011612,,,,64,0.0003996473707957193,0.689774364233017,0.001,0.004611355252563953,1.0,0.06074739620089531
10000.0,133000,0.10000000149011612,,,,,,,,,,
,133120,,13583,9,65,,,,,,,
10000.0,134000,0.10000000149011612,,,,65,0.0007130917436370509,0.6125833094120026,0.001,0.004664808511734009,1.0,0.06579359620809555
10000.0,135000,0.10000000149011612,,,,,,,,,,
,135168,,13787,9,66,,,,,,,
10000.0,136000,0.10000000149011612,,,,66,0.0009663395991083235,0.8236737698316574,0.001,0.005400168243795633,1.0,0.06026332080364227
10000.0,137000,0.10000000149011612,,,,,,,,,,
,137216,,13992,9,67,,,,,,,
10000.0,138000,0.10000000149011612,,,,67,0.0005386731534599675,0.7394102811813354,0.001,0.005756734404712915,1.0,0.05047251284122467
10000.0,139000,0.10000000149011612,,,,,,,,,,
,139264,,14196,9,68,,,,,,,
10000.0,140000,0.10000000149011612,,,,68,0.0006980147034482797,0.6127272844314575,0.001,0.004115237854421139,1.0,0.07525883615016937
10000.0,141000,0.10000000149011612,,,,,,,,,,
,141312,,14400,9,69,,,,,,,
10000.0,142000,0.10000000149011612,,,,69,0.0008381082850974053,0.5963788628578186,0.001,0.004595480859279633,1.0,0.05676113814115524
10000.0,143000,0.10000000149011612,,,,,,,,,,
,143360,,14605,9,70,,,,,,,
10000.0,144000,0.10000000149011612,,,,70,0.0008297218999359756,0.7716124206781387,0.001,0.005630438216030598,1.0,0.055527463555336
10000.0,145000,0.10000000149011612,,,,,,,,,,
,145408,,14809,9,71,,,,,,,
10000.0,146000,0.10000000149011612,,,,71,0.0005458420399918395,0.455324649810791,0.001,0.004782675765454769,1.0,0.059882957488298416
10000.0,147000,0.10000000149011612,,,,,,,,,,
,147456,,15014,9,72,,,,,,,
10000.0,148000,0.10000000149011612,,,,72,0.0006427818255360762,0.6977035105228424,0.001,0.0037361972499638796,1.0,0.06925420463085175
10000.0,149000,0.10000000149011612,,,,,,,,,,
,149504,,15218,9,73,,,,,,,
10000.0,150000,0.10000000149011612,,,,73,0.0006121485076619138,0.38915812969207764,0.001,0.005576589610427618,1.0,0.06462135165929794
10000.0,151000,0.10000000149011612,,,,,,,,,,
,151552,,15422,9,74,,,,,,,
10000.0,152000,0.10000000149011612,,,,74,0.0008764732368035765,0.49705976247787476,0.001,0.005192127078771591,1.0,0.0618605837225914
10000.0,153000,0.10000000149011612,,,,,,,,,,
,153600,,15627,9,75,,,,,,,
10000.0,154000,0.10000000149011612,,,,75,0.0006228439768165117,0.7043422758579254,0.001,0.004463871009647846,1.0,0.07013621926307678
10000.0,155000,0.10000000149011612,,,,,,,,,,
,155648,,15831,9,76,,,,,,,
10000.0,156000,0.10000000149011612,,,,76,0.0005627368555906287,0.7691908478736877,0.001,0.005480745807290077,1.0,0.05312401056289673
10000.0,157000,0.10000000149011612,,,,,,,,,,
,157696,,16036,9,77,,,,,,,
10000.0,158000,0.10000000149011612,,,,77,0.0006272074297157815,0.7938080430030823,0.001,0.005349564831703901,1.0,0.05301561951637268
10000.0,159000,0.10000000149011612,,,,,,,,,,
,159744,,16240,9,78,,,,,,,
10000.0,160000,0.10000000149011612,,,,78,0.0007657738207853982,0.3029597997665405,0.001,0.004743803758174181,1.0,0.06694486737251282
10000.0,161000,0.10000000149011612,,,,,,,,,,
,161792,,16444,9,79,,,,,,,
10000.0,162000,0.10000000149011612,,,,79,0.00044496141426861866,0.698688417673111,0.001,0.004476021975278854,1.0,0.06377238035202026
10000.0,163000,0.10000000149011612,,,,,,,,,,
,163840,,16649,9,80,,,,,,,
10000.0,164000,0.10000000149011612,,,,80,0.0010625172253639903,0.8959079012274742,0.001,0.005759048275649548,1.0,0.05300402268767357
10000.0,165000,0.10000000149011612,,,,,,,,,,
,165888,,16853,9,81,,,,,,,
10000.0,166000,0.10000000149011612,,,,81,0.0008434396102529717,0.756183922290802,0.001,0.005367242731153965,1.0,0.04984775185585022
10000.0,167000,0.10000000149011612,,,,,,,,,,
,167936,,17057,9,82,,,,,,,
10000.0,168000,0.10000000149011612,,,,82,0.0005331561975253863,0.6750303506851196,0.001,0.005141072906553745,1.0,0.06794499605894089
10000.0,169000,0.10000000149011612,,,,,,,,,,
,169984,,17262,9,83,,,,,,,
10000.0,170000,0.10000000149011612,,,,83,0.0005982893562759273,0.3561437129974365,0.001,0.005665739066898823,1.0,0.05528739467263222
10000.0,171000,0.10000000149011612,,,,,,,,,,
10000.0,172000,0.10000000149011612,,,,,,,,,,
,172032,,17566,9,84,,,,,,,
10000.0,173000,0.10000000149011612,,,,84,0.0004932616358928499,0.47303205728530884,0.001,0.00522563187405467,1.0,0.050014346837997437
10000.0,174000,0.10000000149011612,,,,,,,,,,
,174080,,17770,9,85,,,,,,,
10000.0,175000,0.10000000149011612,,,,85,0.0007397277262498392,0.7990283966064453,0.001,0.005554479546844959,1.0,0.056773591786623
10000.0,176000,0.10000000149011612,,,,,,,,,,
,176128,,17975,9,86,,,,,,,
10000.0,177000,0.10000000149011612,,,,86,0.000676496390315151,0.7307100892066956,0.001,0.004844291135668755,1.0,0.06315632164478302
10000.0,178000,0.10000000149011612,,,,,,,,,,
,178176,,18179,9,87,,,,,,,
10000.0,179000,0.20000000298023224,,,,87,0.0006966645278225769,0.7075279951095581,0.001,0.005047314800322056,1.0,0.0596219077706337
10000.0,180000,0.20000000298023224,,,,,,,,,,
,180224,,18384,9,88,,,,,,,
10000.0,181000,0.20000000298023224,,,,88,0.0006302911773673259,0.7416142821311951,0.001,0.005800193175673485,1.0,0.05571248382329941
10000.0,182000,0.20000000298023224,,,,,,,,,,
,182272,,18588,9,89,,,,,,,
10000.0,183000,0.20000000298023224,,,,89,0.0006648625327215996,0.7999297976493835,0.001,0.005436966195702553,1.0,0.056989457458257675
10000.0,184000,0.20000000298023224,,,,,,,,,,
,184320,,18792,9,90,,,,,,,
10000.0,185000,0.20000000298023224,,,,90,0.0008074989204033045,0.7412090301513672,0.001,0.005332115571945906,1.0,0.04983485862612724
10000.0,186000,0.20000000298023224,,,,,,,,,,
,186368,,18997,9,91,,,,,,,
10000.0,187000,0.20000000298023224,,,,91,0.0007172230845753802,0.7440722286701202,0.001,0.006049192510545254,1.0,0.05848947912454605
10000.0,188000,0.20000000298023224,,,,,,,,,,
,188416,,19201,9,92,,,,,,,
10000.0,189000,0.20000000298023224,,,,92,0.0005754272794547433,0.693565309047699,0.001,0.005347126163542271,1.0,0.053183652460575104
10000.0,190000,0.20000000298023224,,,,,,,,,,
,190464,,19405,9,93,,,,,,,
10000.0,191000,0.20000000298023224,,,,93,0.0006633346529270057,0.6157143712043762,0.001,0.005281942896544933,1.0,0.050574325025081635
10000.0,192000,0.20000000298023224,,,,,,,,,,
,192512,,19610,9,94,,,,,,,
10000.0,193000,0.30000000447034836,,,,94,0.000859126718933112,0.7853600084781647,0.001,0.005245077423751354,1.0,0.046098873019218445
10000.0,194000,0.30000000447034836,,,,,,,,,,
,194560,,19814,9,95,,,,,,,
10000.0,195000,0.20000000298023224,,,,95,0.0005675243712175871,0.690060555934906,0.001,0.006094064563512802,1.0,0.04884650185704231
10000.0,196000,0.20000000298023224,,,,,,,,,,
,196608,,20019,9,96,,,,,,,
10000.0,197000,0.30000000447034836,,,,96,0.0008523112133843824,0.5937643945217133,0.001,0.005395275074988604,1.0,0.05701885744929314
10000.0,198000,0.30000000447034836,,,,,,,,,,
,198656,,20223,9,97,,,,,,,
10000.0,199000,0.20000000298023224,,,,97,0.0015592748228300478,0.7488019168376923,0.001,0.005925268866121769,1.0,0.05316370725631714
10000.0,200000,0.20000000298023224,,,,,,,,,,
,200704,,20427,9,98,,,,,,,
10000.0,201000,0.20000000298023224,,,,98,0.0009204298171425762,0.649187833070755,0.001,0.005483997520059347,1.0,0.052633438259363174
10000.0,202000,0.20000000298023224,,,,,,,,,,
,202752,,20632,9,99,,,,,,,
10000.0,203000,0.20000000298023224,,,,99,0.0009037025771249319,0.7132344245910645,0.001,0.005171575583517551,1.0,0.05118122696876526
10000.0,204000,0.20000000298023224,,,,,,,,,,
,204800,,20836,9,100,,,,,,,
10000.0,205000,0.30000000447034836,,,,100,0.00041553676692274166,0.6658326983451843,0.001,0.005505921319127083,1.0,0.05410522595047951
10000.0,206000,0.30000000447034836,,,,,,,,,,
,206848,,21040,9,101,,,,,,,
10000.0,207000,0.20000000298023224,,,,101,0.001229421145762899,0.709752231836319,0.001,0.005049553699791431,1.0,0.0635421872138977
10000.0,208000,0.20000000298023224,,,,,,,,,,
,208896,,21245,9,102,,,,,,,
10000.0,209000,0.20000000298023224,,,,102,0.0005494722895491577,0.8133673965930939,0.001,0.004837391898036003,1.0,0.05796625465154648
10000.0,210000,0.20000000298023224,,,,,,,,,,
,210944,,21449,9,103,,,,,,,
10000.0,211000,0.30000000447034836,,,,103,0.0008952530481110444,0.6746884882450104,0.001,0.005716447718441486,1.0,0.05921304225921631
10000.0,212000,0.30000000447034836,,,,,,,,,,
,212992,,21653,9,104,,,,,,,
10000.0,213000,0.30000000447034836,,,,104,0.0008035258095333119,0.6487464904785156,0.001,0.00531952315941453,1.0,0.06741033494472504
10000.0,214000,0.30000000447034836,,,,,,,,,,
10000.0,215000,0.30000000447034836,,,,,,,,,,
,215040,,21958,9,105,,,,,,,
10000.0,216000,0.30000000447034836,,,,105,0.0011077785293309717,0.6109215021133423,0.001,0.0036384803242981434,1.0,0.07094956934452057
10000.0,217000,0.30000000447034836,,,,,,,,,,
,217088,,22162,9,106,,,,,,,
10000.0,218000,0.30000000447034836,,,,106,0.000791766722977627,0.771364688873291,0.001,0.0059840986505150795,1.0,0.04946141690015793
10000.0,219000,0.30000000447034836,,,,,,,,,,
,219136,,22366,9,107,,,,,,,
10000.0,220000,0.30000000447034836,,,,107,0.0010052375684608706,0.7935803234577179,0.001,0.004814287647604942,1.0,0.05014155060052872
10000.0,221000,0.30000000447034836,,,,,,,,,,
,221184,,22571,9,108,,,,,,,
10000.0,222000,0.30000000447034836,,,,108,0.0008787375876636361,0.5972841382026672,0.001,0.0045755342580378056,1.0,0.06400731205940247
10000.0,223000,0.30000000447034836,,,,,,,,,,
,223232,,22775,9,109,,,,,,,
10000.0,224000,0.30000000447034836,,,,109,0.0005902218900700973,0.7208875417709351,0.001,0.0047700125724077225,1.0,0.04734017327427864
10000.0,225000,0.30000000447034836,,,,,,,,,,
,225280,,22979,9,110,,,,,,,
10000.0,226000,0.30000000447034836,,,,110,0.0013791151086479658,0.5322871506214142,0.001,0.005319606978446245,1.0,0.058478742837905884
10000.0,227000,0.30000000447034836,,,,,,,,,,
,227328,,23184,9,111,,,,,,,
10000.0,228000,0.30000000447034836,,,,111,0.000996710016625002,0.6735637784004211,0.001,0.006216258741915226,1.0,0.07159391790628433
10000.0,229000,0.30000000447034836,,,,,,,,,,
,229376,,23388,9,112,,,,,,,
10000.0,230000,0.30000000447034836,,,,112,0.0007936294126920984,0.6860814690589905,0.001,0.005192269571125507,1.0,0.05276057496666908
10000.0,231000,0.30000000447034836,,,,,,,,,,
,231424,,23593,9,113,,,,,,,
10000.0,232000,0.30000000447034836,,,,113,0.0010075168480398133,0.7068375647068024,0.001,0.006412548944354057,1.0,0.04373329132795334
10000.0,233000,0.30000000447034836,,,,,,,,,,
,233472,,23797,9,114,,,,,,,
10000.0,234000,0.30000000447034836,,,,114,0.0008432203787378967,0.5348285436630249,0.001,0.005630396772176027,1.0,0.05343030393123627
10000.0,235000,0.30000000447034836,,,,,,,,,,
,235520,,24001,9,115,,,,,,,
10000.0,236000,0.30000000447034836,,,,115,0.0009354964531667065,0.5325494110584259,0.001,0.005430917255580425,1.0,0.06373651325702667
10000.0,237000,0.30000000447034836,,,,,,,,,,
,237568,,24206,9,116,,,,,,,
10000.0,238000,0.30000000447034836,,,,116,0.00088461611103412,0.640736848115921,0.001,0.005950608290731907,1.0,0.06404361128807068
10000.0,239000,0.30000000447034836,,,,,,,,,,
,239616,,24410,9,117,,,,,,,
10000.0,240000,0.30000000447034836,,,,117,0.0010145094151084778,0.23828572034835815,0.001,0.005317742004990578,1.0,0.05766313150525093
10000.0,241000,0.30000000447034836,,,,,,,,,,
,241664,,24614,9,118,,,,,,,
10000.0,242000,0.30000000447034836,,,,118,0.0009058727118826937,0.5590562522411346,0.001,0.005821819417178631,1.0,0.06211501732468605
10000.0,243000,0.30000000447034836,,,,,,,,,,
,243712,,24819,9,119,,,,,,,
10000.0,244000,0.30000000447034836,,,,119,0.0008134477391649852,0.45574623346328735,0.001,0.005596471950411797,1.0,0.059352654963731766
10000.0,245000,0.30000000447034836,,,,,,,,,,
,245760,,25023,9,120,,,,,,,
10000.0,246000,0.30000000447034836,,,,120,0.000870829825362307,0.45364588499069214,0.001,0.005461487919092178,1.0,0.06717006862163544
10000.0,247000,0.30000000447034836,,,,,,,,,,
,247808,,25228,9,121,,,,,,,
10000.0,248000,0.30000000447034836,,,,121,0.0007298144214473723,0.43144673109054565,0.001,0.004941422957926989,1.0,0.07166387140750885
10000.0,249000,0.30000000447034836,,,,,,,,,,
,249856,,25432,9,122,,,,,,,
10000.0,250000,0.30000000447034836,,,,122,0.0008922310931666289,0.486192524433136,0.001,0.005558032542467117,1.0,0.058570075780153275
10000.0,251000,0.30000000447034836,,,,,,,,,,
,251904,,25636,9,123,,,,,,,
10000.0,252000,0.30000000447034836,,,,123,0.0007096964517586457,0.37491345405578613,0.001,0.004240147769451141,1.0,0.056725796312093735
10000.0,253000,0.30000000447034836,,,,,,,,,,
,253952,,25841,9,124,,,,,,,
10000.0,254000,0.30000000447034836,,,,124,0.0010006591637647944,0.3714136481285095,0.001,0.005828744266182184,1.0,0.054783936589956284
10000.0,255000,0.30000000447034836,,,,,,,,,,
10000.0,256000,0.30000000447034836,,,,,,,,,,
,256000,,26145,9,125,,,,,,,
10000.0,257000,0.30000000447034836,,,,125,0.0004993603903130861,0.49166804552078247,0.001,0.003972943872213364,1.0,0.0642673671245575
10000.0,258000,0.30000000447034836,,,,,,,,,,
,258048,,26350,9,126,,,,,,,
10000.0,259000,0.30000000447034836,,,,126,0.0006949257220185245,0.33067697286605835,0.001,0.003688688622787595,1.0,0.06775058060884476
10000.0,260000,0.30000000447034836,,,,,,,,,,
,260096,,26554,9,127,,,,,,,
10000.0,261000,0.30000000447034836,,,,127,0.0005806763887449051,0.6858698725700378,0.001,0.004889526404440403,1.0,0.06175358593463898
10000.0,262000,0.30000000447034836,,,,,,,,,,
,262144,,26758,9,128,,,,,,,
10000.0,263000,0.30000000447034836,,,,128,0.0006970227490455727,0.5031713843345642,0.001,0.00535558583214879,1.0,0.06139514222741127
10000.0,264000,0.30000000447034836,,,,,,,,,,
,264192,,26963,9,129,,,,,,,
10000.0,265000,0.30000000447034836,,,,129,0.0006822713625297183,0.3713058829307556,0.001,0.005585740320384502,1.0,0.057494040578603745
10000.0,266000,0.30000000447034836,,,,,,,,,,
,266240,,27167,9,130,,,,,,,
10000.0,267000,0.30000000447034836,,,,130,0.000927933881393983,0.5036292374134064,0.001,0.006776291411370039,1.0,0.04986167699098587
10000.0,268000,0.30000000447034836,,,,,,,,,,
,268288,,27371,9,131,,,,,,,
10000.0,269000,0.30000000447034836,,,,131,0.0009403334512171569,0.4141029715538025,0.001,0.005401016212999821,1.0,0.05694176256656647
10000.0,270000,0.30000000447034836,,,,,,,,,,
,270336,,27576,9,132,,,,,,,
10000.0,271000,0.30000000447034836,,,,132,0.0010984087586621172,0.15997475385665894,0.001,0.0058230264112353325,1.0,0.05647055059671402
10000.0,272000,0.30000000447034836,,,,,,,,,,
,272384,,27780,9,133,,,,,,,
10000.0,273000,0.30000000447034836,,,,133,0.0009504014717094833,0.4618312120437622,0.001,0.0054519097320735455,1.0,0.05416572839021683
10000.0,274000,0.30000000447034836,,,,,,,,,,
,274432,,27985,9,134,,,,,,,
10000.0,275000,0.30000000447034836,,,,134,0.00107806747801078,0.4376816153526306,0.001,0.005505369510501623,1.0,0.05581890791654587
10000.0,276000,0.30000000447034836,,,,,,,,,,
,276480,,28189,9,135,,,,,,,
10000.0,277000,0.30000000447034836,,,,135,0.0007301063520571916,0.5103891789913177,0.001,0.006129642482846975,1.0,0.05112430080771446
10000.0,278000,0.30000000447034836,,,,,,,,,,
,278528,,28393,9,136,,,,,,,
10000.0,279000,0.30000000447034836,,,,136,0.0008456796174868941,0.4713256359100342,0.001,0.006253806408494711,1.0,0.06345255672931671
10000.0,280000,0.30000000447034836,,,,,,,,,,
,280576,,28598,9,137,,,,,,,
10000.0,281000,0.30000000447034836,,,,137,0.0009125494872932905,0.39381682872772217,0.001,0.00526800099760294,1.0,0.053995050489902496
10000.0,282000,0.30000000447034836,,,,,,,,,,
,282624,,28802,9,138,,,,,,,
10000.0,283000,0.30000000447034836,,,,138,0.0010710663093050244,0.509002685546875,0.001,0.005235856398940086,1.0,0.05290568247437477
10000.0,284000,0.30000000447034836,,,,,,,,,,
,284672,,29006,9,139,,,,,,,
10000.0,285000,0.30000000447034836,,,,139,0.0008414043481025146,0.48968440294265747,0.001,0.007867078296840191,1.0,0.05102889984846115
10000.0,286000,0.30000000447034836,,,,,,,,,,
,286720,,29211,9,140,,,,,,,
10000.0,287000,0.30000000447034836,,,,140,0.000851747153501492,0.37049418687820435,0.001,0.004864424932748079,1.0,0.06324230134487152
10000.0,288000,0.30000000447034836,,,,,,,,,,
,288768,,29415,9,141,,,,,,,
10000.0,289000,0.20000000298023224,,,,141,0.0014510528750179218,0.37181925773620605,0.001,0.005351669155061245,1.0,0.05571435019373894
10000.0,290000,0.20000000298023224,,,,,,,,,,
,290816,,29620,9,142,,,,,,,
10000.0,291000,0.4000000059604645,,,,142,0.0009845817605310004,0.5588241219520569,0.001,0.0048438915982842445,1.0,0.05738194286823273
10000.0,292000,0.4000000059604645,,,,,,,,,,
,292864,,29824,9,143,,,,,,,
10000.0,293000,0.4000000059604645,,,,143,0.0011110202343843413,0.5146438777446747,0.001,0.005205295979976654,1.0,0.05921555683016777
10000.0,294000,0.4000000059604645,,,,,,,,,,
,294912,,30029,9,144,,,,,,,
10000.0,295000,0.4000000059604645,,,,144,0.0007709692597927642,0.5422787368297577,0.001,0.0044334023259580135,1.0,0.06280547380447388
10000.0,296000,0.4000000059604645,,,,,,,,,,
,296960,,30233,9,145,,,,,,,
10000.0,297000,0.4000000059604645,,,,145,0.001062744758928602,0.338345468044281,0.001,0.004599138628691435,1.0,0.06469722092151642
10000.0,298000,0.4000000059604645,,,,,,,,,,
10000.0,299000,0.4000000059604645,,,,,,,,,,
,299008,,30537,9,146,,,,,,,
10000.0,300000,0.4000000059604645,,,,146,0.0011211594985070406,0.2348191738128662,0.001,0.005723603069782257,1.0,0.05853201821446419
10000.0,301000,0.4000000059604645,,,,,,,,,,
,301056,,30742,9,147,,,,,,,
10000.0,302000,0.20000000298023224,,,,147,0.0009339647093838721,0.5789945721626282,0.001,0.005762465298175812,1.0,0.048019908368587494
10000.0,303000,0.20000000298023224,,,,,,,,,,
,303104,,30946,9,148,,,,,,,
10000.0,304000,0.20000000298023224,,,,148,0.0008548576246539596,0.43023979663848877,0.001,0.0043450938537716866,1.0,0.05998504161834717
10000.0,305000,0.20000000298023224,,,,,,,,,,
,305152,,31151,9,149,,,,,,,
10000.0,306000,0.4000000059604645,,,,149,0.0010975758135828074,0.5013643205165863,0.001,0.005512668751180172,1.0,0.04983878135681152
10000.0,307000,0.4000000059604645,,,,,,,,,,
,307200,,31355,9,150,,,,,,,
10000.0,308000,0.4000000059604645,,,,150,0.001087792946236732,0.39620012044906616,0.001,0.0057100336998701096,1.0,0.05361261963844299
10000.0,309000,0.4000000059604645,,,,,,,,,,
,309248,,31559,9,151,,,,,,,
10000.0,310000,0.4000000059604645,,,,151,0.0011742829708964563,0.5161737501621246,0.001,0.0056940303184092045,1.0,0.05421824753284454
10000.0,311000,0.4000000059604645,,,,,,,,,,
,311296,,31764,9,152,,,,,,,
10000.0,312000,0.4000000059604645,,,,152,0.0012585786973431823,0.47100263833999634,0.001,0.005884221754968166,1.0,0.05413796007633209
10000.0,313000,0.4000000059604645,,,,,,,,,,
,313344,,31968,9,153,,,,,,,
10000.0,314000,0.5000000074505806,,,,153,0.0011042847439966864,0.6044191420078278,0.001,0.005965719930827618,1.0,0.051102668046951294
10000.0,315000,0.5000000074505806,,,,,,,,,,
,315392,,32173,9,154,,,,,,,
10000.0,316000,0.20000000298023224,,,,154,0.0012900167448606226,0.3638684153556824,0.001,0.0052246637642383575,1.0,0.05254410207271576
10000.0,317000,0.20000000298023224,,,,,,,,,,
,317440,,32377,9,155,,,,,,,
10000.0,318000,0.20000000298023224,,,,155,0.0010756847401353297,0.5480624735355377,0.001,0.00573430210351944,1.0,0.06196727603673935
10000.0,319000,0.20000000298023224,,,,,,,,,,
,319488,,32581,9,156,,,,,,,
10000.0,320000,0.20000000298023224,,,,156,0.0012018299885312445,0.6217486262321472,0.001,0.006128372624516487,1.0,0.05107427388429642
10000.0,321000,0.20000000298023224,,,,,,,,,,
,321536,,32786,9,157,,,,,,,
10000.0,322000,0.4000000059604645,,,,157,0.0012338512082351373,0.42309629917144775,0.001,0.004755198024213314,1.0,0.06420046091079712
10000.0,323000,0.4000000059604645,,,,,,,,,,
,323584,,32990,9,158,,,,,,,
10000.0,324000,0.4000000059604645,,,,158,0.0013491603735019454,0.5845722556114197,0.001,0.004921215586364269,1.0,0.09243986755609512
10000.0,325000,0.4000000059604645,,,,,,,,,,
,325632,,33195,9,159,,,,,,,
10000.0,326000,0.4000000059604645,,,,159,0.0014807420691795414,0.5813410580158234,0.001,0.005076617933809757,1.0,0.06168217584490776
10000.0,327000,0.4000000059604645,,,,,,,,,,
,327680,,33399,9,160,,,,,,,
10000.0,328000,0.30000000447034836,,,,160,0.0016201669117435814,0.6723495721817017,0.001,0.005239853169769049,1.0,0.048845075070858
10000.0,329000,0.30000000447034836,,,,,,,,,,
,329728,,33603,9,161,,,,,,,
10000.0,330000,0.30000000447034836,,,,161,0.0018505742564229877,0.4786749482154846,0.001,0.0053687933832407,1.0,0.04958490654826164
10000.0,331000,0.30000000447034836,,,,,,,,,,
,331776,,33808,9,162,,,,,,,
10000.0,332000,0.20000000298023224,,,,162,0.0015718051719886717,0.5578547716140747,0.001,0.0060800714418292046,1.0,0.05251552537083626
10000.0,333000,0.20000000298023224,,,,,,,,,,
,333824,,34012,9,163,,,,,,,
10000.0,334000,0.20000000298023224,,,,163,0.0012016834913083584,0.550210565328598,0.001,0.006444745697081089,1.0,0.061358679085969925
10000.0,335000,0.20000000298023224,,,,,,,,,,
,335872,,34217,9,164,,,,,,,
10000.0,336000,0.20000000298023224,,,,164,0.0014605258085794049,0.5568918883800507,0.001,0.006464574486017227,1.0,0.05383243411779404
10000.0,337000,0.20000000298023224,,,,,,,,,,
,337920,,34421,9,165,,,,,,,
10000.0,338000,0.20000000298023224,,,,165,0.001099502410943387,0.7468332946300507,0.001,0.006000656634569168,1.0,0.05437938868999481
10000.0,339000,0.20000000298023224,,,,,,,,,,
,339968,,34625,9,166,,,,,,,
10000.0,340000,0.20000000298023224,,,,166,0.0011478388967589126,0.6941857039928436,0.001,0.005476661957800388,1.0,0.07571685314178467
10000.0,341000,0.20000000298023224,,,,,,,,,,
10000.0,342000,0.20000000298023224,,,,,,,,,,
,342016,,34930,9,167,,,,,,,
10000.0,343000,0.30000000447034836,,,,167,0.0013843293085301412,0.5444185137748718,0.001,0.005421296693384647,1.0,0.07130875438451767
10000.0,344000,0.30000000447034836,,,,,,,,,,
,344064,,35134,9,168,,,,,,,
10000.0,345000,0.30000000447034836,,,,168,0.00124692435565521,0.6459685862064362,0.001,0.006022419780492783,1.0,0.056889623403549194
10000.0,346000,0.30000000447034836,,,,,,,,,,
,346112,,35338,9,169,,,,,,,
10000.0,347000,0.30000000447034836,,,,169,0.0014447171120991697,0.5740408897399902,0.001,0.005938686430454254,1.0,0.05953322350978851
10000.0,348000,0.30000000447034836,,,,,,,,,,
,348160,,35543,9,170,,,,,,,
10000.0,349000,0.30000000447034836,,,,170,0.001280455247615464,0.5960952341556549,0.001,0.006211559753865004,1.0,0.05770393833518028
10000.0,350000,0.30000000447034836,,,,,,,,,,
,350208,,35747,9,171,,,,,,,
10000.0,351000,0.30000000447034836,,,,171,0.0014524751792123424,0.5976631343364716,0.001,0.007078078575432301,1.0,0.0530535951256752
10000.0,352000,0.30000000447034836,,,,,,,,,,
,352256,,35952,9,172,,,,,,,
10000.0,353000,0.4000000059604645,,,,172,0.0018223496976133902,0.34505707025527954,0.001,0.00572863407433033,1.0,0.04730301722884178
10000.0,354000,0.4000000059604645,,,,,,,,,,
,354304,,36156,9,173,,,,,,,
10000.0,355000,0.4000000059604645,,,,173,0.001403903670143336,0.6191039979457855,0.001,0.004769104532897472,1.0,0.05853552371263504
10000.0,356000,0.4000000059604645,,,,,,,,,,
,356352,,36360,9,174,,,,,,,
10000.0,357000,0.4000000059604645,,,,174,0.001808178800092719,0.6113918125629425,0.001,0.006049402989447117,1.0,0.061502471566200256
10000.0,358000,0.4000000059604645,,,,,,,,,,
,358400,,36565,9,175,,,,,,,
10000.0,359000,0.4000000059604645,,,,175,0.0018560477137725684,0.6404219567775726,0.001,0.0073267435654997826,1.0,0.05641058087348938
10000.0,360000,0.4000000059604645,,,,,,,,,,
,360448,,36769,9,176,,,,,,,
10000.0,361000,0.4000000059604645,,,,176,0.0012800494019757024,0.5840346813201904,0.001,0.006610488519072533,1.0,0.047994501888751984
10000.0,362000,0.4000000059604645,,,,,,,,,,
,362496,,36974,9,177,,,,,,,
10000.0,363000,0.4000000059604645,,,,177,0.001185892478497408,0.6595659554004669,0.001,0.005427150521427393,1.0,0.06695613265037537
10000.0,364000,0.4000000059604645,,,,,,,,,,
,364544,,37178,9,178,,,,,,,
10000.0,365000,0.4000000059604645,,,,178,0.0015724600012617883,0.5779250264167786,0.001,0.007217518053948879,1.0,0.06943604350090027
10000.0,366000,0.4000000059604645,,,,,,,,,,
,366592,,37382,9,179,,,,,,,
10000.0,367000,0.4000000059604645,,,,179,0.002011811132251751,0.4256497025489807,0.001,0.005919274408370256,1.0,0.04565988481044769
10000.0,368000,0.4000000059604645,,,,,,,,,,
,368640,,37587,9,180,,,,,,,
10000.0,369000,0.4000000059604645,,,,180,0.001616933726836578,0.3526238203048706,0.001,0.00588646624237299,1.0,0.06756259500980377
10000.0,370000,0.4000000059604645,,,,,,,,,,
,370688,,37791,9,181,,,,,,,
10000.0,371000,0.4000000059604645,,,,181,0.0022103455106844195,0.6189705431461334,0.001,0.007052470929920673,1.0,0.049321629106998444
10000.0,372000,0.4000000059604645,,,,,,,,,,
,372736,,37996,9,182,,,,,,,
10000.0,373000,0.4000000059604645,,,,182,0.002286713497960591,0.5810337066650391,0.001,0.006301035173237324,1.0,0.05670183151960373
10000.0,374000,0.4000000059604645,,,,,,,,,,
,374784,,38200,9,183,,,,,,,
10000.0,375000,0.4000000059604645,,,,183,0.0018819446846464415,0.570283055305481,0.001,0.00608260091394186,1.0,0.0824287012219429
10000.0,376000,0.4000000059604645,,,,,,,,,,
,376832,,38405,9,184,,,,,,,
10000.0,377000,0.6000000089406967,,,,184,0.0015116639508050867,0.5555727779865265,0.001,0.00537985609844327,1.0,0.05850017070770264
10000.0,378000,0.6000000089406967,,,,,,,,,,
,378880,,38609,9,185,,,,,,,
10000.0,379000,0.6000000089406967,,,,185,0.0014905865082255332,0.5763624906539917,0.001,0.005748131312429905,1.0,0.06223496422171593
10000.0,380000,0.6000000089406967,,,,,,,,,,
,380928,,38814,9,186,,,,,,,
10000.0,381000,0.5000000074505806,,,,186,0.0016019044423956075,0.4493725895881653,0.001,0.006448587402701378,1.0,0.05425861477851868
10000.0,382000,0.5000000074505806,,,,,,,,,,
,382976,,39018,9,187,,,,,,,
10000.0,383000,0.5000000074505806,,,,187,0.0017928954301169142,0.5267636775970459,0.001,0.005321742035448551,1.0,0.05374296009540558
10000.0,384000,0.5000000074505806,,,,,,,,,,
10000.0,385000,0.5000000074505806,,,,,,,,,,
,385024,,39322,9,188,,,,,,,
10000.0,386000,0.5000000074505806,,,,188,0.002305052016527043,0.44931161403656006,0.001,0.00655394047498703,1.0,0.05260050296783447
10000.0,387000,0.5000000074505806,,,,,,,,,,
,387072,,39527,9,189,,,,,,,
10000.0,388000,0.5000000074505806,,,,189,0.0024273049159091896,0.5267113447189331,0.001,0.007272046059370041,1.0,0.04394801706075668
10000.0,389000,0.5000000074505806,,,,,,,,,,
,389120,,39731,9,190,,,,,,,
10000.0,390000,0.5000000074505806,,,,190,0.001618507690000115,0.5860237181186676,0.001,0.007461268454790115,1.0,0.048987507820129395
10000.0,391000,0.5000000074505806,,,,,,,,,,
,391168,,39936,9,191,,,,,,,
10000.0,392000,0.5000000074505806,,,,191,0.002026749235301395,0.7668194323778152,0.001,0.007369004189968109,1.0,0.07662546634674072
10000.0,393000,0.5000000074505806,,,,,,,,,,
,393216,,40140,9,192,,,,,,,
10000.0,394000,0.5000000074505806,,,,192,0.0017808142794820015,0.5966529846191406,0.001,0.0065874503925442696,1.0,0.05800444632768631
10000.0,395000,0.5000000074505806,,,,,,,,,,
,395264,,40345,9,193,,,,,,,
10000.0,396000,0.5000000074505806,,,,193,0.0015364112969109556,0.5632982850074768,0.001,0.005635458044707775,1.0,0.06399549543857574
10000.0,397000,0.5000000074505806,,,,,,,,,,
,397312,,40549,9,194,,,,,,,
10000.0,398000,0.4000000059604645,,,,194,0.0015574320475934655,0.5273670852184296,0.001,0.007513142190873623,1.0,0.05954640358686447
10000.0,399000,0.4000000059604645,,,,,,,,,,
,399360,,40754,9,195,,,,,,,
10000.0,400000,0.4000000059604645,,,,195,0.002460773843267816,0.5266000032424927,0.001,0.006205271929502487,1.0,0.043395742774009705
10000.0,401000,0.4000000059604645,,,,,,,,,,
,401408,,40958,9,196,,,,,,,
10000.0,402000,0.4000000059604645,,,,196,0.0022067873384003177,0.5964160263538361,0.001,0.0067695993930101395,1.0,0.04939081519842148
10000.0,403000,0.4000000059604645,,,,,,,,,,
,403456,,41162,9,197,,,,,,,
10000.0,404000,0.4000000059604645,,,,197,0.0019429484022111866,0.5877948999404907,0.001,0.0066055781207978725,1.0,0.06118655949831009
10000.0,405000,0.4000000059604645,,,,,,,,,,
,405504,,41367,9,198,,,,,,,
10000.0,406000,0.4000000059604645,,,,198,0.0022965697204199386,0.6203307807445526,0.001,0.007108489517122507,1.0,0.05093885213136673
10000.0,407000,0.4000000059604645,,,,,,,,,,
,407552,,41571,9,199,,,,,,,
10000.0,408000,0.4000000059604645,,,,199,0.002485562927176943,0.5237117409706116,0.001,0.007010693661868572,1.0,0.05662780627608299
10000.0,409000,0.4000000059604645,,,,,,,,,,
,409600,,41776,9,200,,,,,,,
10000.0,410000,0.4000000059604645,,,,200,0.0023122669625081473,0.5950575470924377,0.001,0.005633148364722729,1.0,0.05213352292776108
10000.0,411000,0.4000000059604645,,,,,,,,,,
,411648,,41980,9,201,,,,,,,
10000.0,412000,0.4000000059604645,,,,201,0.0019999471711344085,0.60102179646492,0.001,0.006125231273472309,1.0,0.05663164705038071
10000.0,413000,0.4000000059604645,,,,,,,,,,
,413696,,42185,9,202,,,,,,,
10000.0,414000,0.4000000059604645,,,,202,0.0018009822131716646,0.4314439296722412,0.001,0.006940824910998344,1.0,0.0631549060344696
10000.0,415000,0.4000000059604645,,,,,,,,,,
,415744,,42389,9,203,,,,,,,
10000.0,416000,0.4000000059604645,,,,203,0.0028663503260759173,0.42786192893981934,0.001,0.00823516771197319,1.0,0.04919588565826416
10000.0,417000,0.4000000059604645,,,,,,,,,,
,417792,,42594,9,204,,,,,,,
10000.0,418000,0.4000000059604645,,,,204,0.0024618682138680013,0.508264809846878,0.001,0.0060902126133441925,1.0,0.055061034858226776
10000.0,419000,0.4000000059604645,,,,,,,,,,
,419840,,42798,9,205,,,,,,,
10000.0,420000,0.4000000059604645,,,,205,0.0026254454111040103,0.44790196418762207,0.001,0.006346751935780048,1.0,0.05486485734581947
10000.0,421000,0.4000000059604645,,,,,,,,,,
,421888,,43002,9,206,,,,,,,
10000.0,422000,0.4000000059604645,,,,206,0.0018608333426527678,0.4443756937980652,0.001,0.006565567571669817,1.0,0.07389413565397263
10000.0,423000,0.4000000059604645,,,,,,,,,,
,423936,,43207,9,207,,,,,,,
10000.0,424000,0.4000000059604645,,,,207,0.002176723456432228,0.6124823093414307,0.001,0.005753267556428909,1.0,0.06192275136709213
10000.0,425000,0.4000000059604645,,,,,,,,,,
,425984,,43411,9,208,,,,,,,
10000.0,426000,0.20000000298023224,,,,208,0.0021598532370262547,0.6439396440982819,0.001,0.007544226944446564,1.0,0.0472952276468277
10000.0,427000,0.20000000298023224,,,,,,,,,,
10000.0,428000,0.20000000298023224,,,,,,,,,,
,428032,,43716,9,209,,,,,,,
10000.0,429000,0.20000000298023224,,,,209,0.00267013720695104,0.5253372192382812,0.001,0.007766742259263992,1.0,0.05012735724449158
10000.0,430000,0.20000000298023224,,,,,,,,,,
,430080,,43920,9,210,,,,,,,
10000.0,431000,0.20000000298023224,,,,210,0.0023492751308367586,0.5260098576545715,0.001,0.006066175177693367,1.0,0.04975864291191101
10000.0,432000,0.20000000298023224,,,,,,,,,,
,432128,,44124,9,211,,,,,,,
10000.0,433000,0.20000000298023224,,,,211,0.0019836440831568327,0.5362705588340759,0.001,0.007279544603079557,1.0,0.046423908323049545
10000.0,434000,0.20000000298023224,,,,,,,,,,
,434176,,44329,9,212,,,,,,,
10000.0,435000,0.20000000298023224,,,,212,0.001927141356281936,0.5946331322193146,0.001,0.006437281146645546,1.0,0.05767713487148285
10000.0,436000,0.20000000298023224,,,,,,,,,,
,436224,,44533,9,213,,,,,,,
10000.0,437000,0.4000000059604645,,,,213,0.0013724020413064864,0.7862843573093414,0.001,0.007111143786460161,1.0,0.05717881768941879
10000.0,438000,0.4000000059604645,,,,,,,,,,
,438272,,44738,9,214,,,,,,,
10000.0,439000,0.20000000298023224,,,,214,0.0024075380870272056,0.5796656012535095,0.001,0.007145901210606098,1.0,0.04239601641893387
10000.0,440000,0.20000000298023224,,,,,,,,,,
,440320,,44942,9,215,,,,,,,
10000.0,441000,0.20000000298023224,,,,215,0.0019522784692526328,0.5897964239120483,0.001,0.005392994731664658,1.0,0.05499929189682007
10000.0,442000,0.20000000298023224,,,,,,,,,,
,442368,,45147,9,216,,,,,,,
10000.0,443000,0.5000000074505806,,,,216,0.0021894177963986293,0.6301274001598358,0.001,0.005105947144329548,1.0,0.06042982265353203
10000.0,444000,0.5000000074505806,,,,,,,,,,
,444416,,45351,9,217,,,,,,,
10000.0,445000,0.5000000074505806,,,,217,0.0021474675653735177,0.7527398765087128,0.001,0.00659174844622612,1.0,0.05509508401155472
10000.0,446000,0.5000000074505806,,,,,,,,,,
,446464,,45556,9,218,,,,,,,
10000.0,447000,0.5000000074505806,,,,218,0.0019137509269057773,0.5087015926837921,0.001,0.006305101327598095,1.0,0.05504755675792694
10000.0,448000,0.5000000074505806,,,,,,,,,,
,448512,,45760,9,219,,,,,,,
10000.0,449000,0.5000000074505806,,,,219,0.0023059124605424586,0.4640907049179077,0.001,0.0073289754800498486,1.0,0.049819957464933395
10000.0,450000,0.5000000074505806,,,,,,,,,,
,450560,,45964,9,220,,,,,,,
10000.0,451000,0.20000000298023224,,,,220,0.0024178200703317996,0.45848381519317627,0.001,0.006314263679087162,1.0,0.052717018872499466
10000.0,452000,0.20000000298023224,,,,,,,,,,
,452608,,46169,9,221,,,,,,,
10000.0,453000,0.20000000298023224,,,,221,0.002463328721569269,0.5336787402629852,0.001,0.006142512895166874,1.0,0.05695882439613342
10000.0,454000,0.20000000298023224,,,,,,,,,,
,454656,,46373,9,222,,,,,,,
10000.0,455000,0.20000000298023224,,,,222,0.0029292977447767043,0.5574424564838409,0.001,0.008408727124333382,1.0,0.06958111375570297
10000.0,456000,0.20000000298023224,,,,,,,,,,
,456704,,46578,9,223,,,,,,,
10000.0,457000,0.20000000298023224,,,,223,0.0026060847889311845,0.5967660844326019,0.001,0.0067942216992378235,1.0,0.056439582258462906
10000.0,458000,0.20000000298023224,,,,,,,,,,
,458752,,46782,9,224,,,,,,,
10000.0,459000,0.20000000298023224,,,,224,0.002420695985347265,0.7309650182723999,0.001,0.006091865710914135,1.0,0.049482956528663635
10000.0,460000,0.20000000298023224,,,,,,,,,,
,460800,,46986,9,225,,,,,,,
10000.0,461000,0.20000000298023224,,,,225,0.002254849385280977,0.6170130968093872,0.001,0.006596475839614868,1.0,0.053141940385103226
10000.0,462000,0.20000000298023224,,,,,,,,,,
,462848,,47191,9,226,,,,,,,
10000.0,463000,0.20000000298023224,,,,226,0.00293253998606815,0.5165279507637024,0.001,0.006929926574230194,1.0,0.052672334015369415
10000.0,464000,0.20000000298023224,,,,,,,,,,
,464896,,47395,9,227,,,,,,,
10000.0,465000,0.20000000298023224,,,,227,0.0014967076214816189,0.5604249238967896,0.001,0.005815199576318264,1.0,0.08052925765514374
10000.0,466000,0.20000000298023224,,,,,,,,,,
,466944,,47600,9,228,,,,,,,
10000.0,467000,0.20000000298023224,,,,228,0.0029711808514548466,0.5383175313472748,0.001,0.008888520300388336,1.0,0.0766555666923523
10000.0,468000,0.20000000298023224,,,,,,,,,,
,468992,,47804,9,229,,,,,,,
10000.0,469000,0.20000000298023224,,,,229,0.0023514242046076108,0.48879069089889526,0.001,0.005793585442006588,1.0,0.07800158113241196
10000.0,470000,0.20000000298023224,,,,,,,,,,
10000.0,471000,0.20000000298023224,,,,,,,,,,
,471040,,48109,9,230,,,,,,,
10000.0,472000,0.20000000298023224,,,,230,0.0024776010901405242,0.6278502643108368,0.001,0.00725623918697238,1.0,0.05582971125841141
10000.0,473000,0.20000000298023224,,,,,,,,,,
,473088,,48313,9,231,,,,,,,
10000.0,474000,0.20000000298023224,,,,231,0.0020684175726273677,0.7518829107284546,0.001,0.006797058507800102,1.0,0.04734715074300766
10000.0,475000,0.20000000298023224,,,,,,,,,,
,475136,,48518,9,232,,,,,,,
10000.0,476000,0.20000000298023224,,,,232,0.0030724393163836794,0.713889479637146,0.001,0.006924554705619812,1.0,0.03961080685257912
10000.0,477000,0.20000000298023224,,,,,,,,,,
,477184,,48722,9,233,,,,,,,
10000.0,478000,0.20000000298023224,,,,233,0.003030098976523732,0.6474591791629791,0.001,0.007845023646950722,1.0,0.050463151186704636
10000.0,479000,0.20000000298023224,,,,,,,,,,
,479232,,48926,9,234,,,,,,,
10000.0,480000,0.20000000298023224,,,,234,0.0020344429489341565,0.6715640723705292,0.001,0.004323342815041542,1.0,0.06618032604455948
10000.0,481000,0.20000000298023224,,,,,,,,,,
,481280,,49131,9,235,,,,,,,
10000.0,482000,0.20000000298023224,,,,235,0.002501354026753688,0.678838312625885,0.001,0.007826518267393112,1.0,0.05049227550625801
10000.0,483000,0.20000000298023224,,,,,,,,,,
,483328,,49335,9,236,,,,,,,
10000.0,484000,0.7000000104308128,,,,236,0.0027049072359659476,0.8146303296089172,0.001,0.007015484385192394,1.0,0.04675329849123955
10000.0,485000,0.7000000104308128,,,,,,,,,,
,485376,,49540,9,237,,,,,,,
10000.0,486000,0.7000000104308128,,,,237,0.002522836684511276,0.7008988261222839,0.001,0.0075345090590417385,1.0,0.052301857620477676
10000.0,487000,0.7000000104308128,,,,,,,,,,
,487424,,49744,9,238,,,,,,,
10000.0,488000,0.7000000104308128,,,,238,0.003123535016857204,0.6115024089813232,0.001,0.008906804025173187,1.0,0.03624150902032852
10000.0,489000,0.7000000104308128,,,,,,,,,,
,489472,,49949,9,239,,,,,,,
10000.0,490000,0.7000000104308128,,,,239,0.002620742717408575,0.7886195033788681,0.001,0.00710861012339592,1.0,0.04906071349978447
10000.0,491000,0.7000000104308128,,,,,,,,,,
,491520,,50153,9,240,,,,,,,
10000.0,492000,0.7000000104308128,,,,240,0.0015400483109260677,0.8816236853599548,0.001,0.006476209033280611,1.0,0.05026712268590927
10000.0,493000,0.7000000104308128,,,,,,,,,,
,493568,,50357,9,241,,,,,,,
10000.0,494000,0.7000000104308128,,,,241,0.0019256566582043888,0.5413783192634583,0.001,0.006622131913900375,1.0,0.06216466426849365
10000.0,495000,0.7000000104308128,,,,,,,,,,
,495616,,50562,9,242,,,,,,,
10000.0,496000,0.7000000104308128,,,,242,0.0030825314577668907,0.6615041494369507,0.001,0.009319254197180271,1.0,0.04830062389373779
10000.0,497000,0.7000000104308128,,,,,,,,,,
,497664,,50766,9,243,,,,,,,
10000.0,498000,0.7000000104308128,,,,243,0.0021044077211627155,0.7584766745567322,0.001,0.007193439640104771,1.0,0.07308060675859451
10000.0,499000,0.7000000104308128,,,,,,,,,,
,499712,,50971,9,244,,,,,,,
10000.0,500000,0.7000000104308128,,,,244,0.003700113635204616,0.5684236288070679,0.001,0.007734600454568863,1.0,0.04158727079629898
10000.0,501000,0.7000000104308128,,,,,,,,,,
,501760,,51175,9,245,,,,,,,
